일자,유가증권신용거래융자
2021-04-01,"12,282,020"
2021-03-31,"12,309,180"
2021-03-30,"12,301,340"
2021-03-29,"12,325,627"
2021-03-26,"12,295,133"
2021-03-25,"12,243,516"
2021-03-24,"12,260,283"
2021-03-23,"12,183,423"
2021-03-22,"12,022,670"
2021-03-19,"11,958,213"
2021-03-18,"11,725,055"
2021-03-17,"11,679,650"
2021-03-16,"11,601,101"
2021-03-15,"11,619,610"
2021-03-12,"11,683,996"
2021-03-11,"11,775,990"
2021-03-10,"11,691,975"
2021-03-09,"11,755,693"
2021-03-08,"11,750,194"
2021-03-05,"11,621,989"
2021-03-04,"11,629,327"
2021-03-03,"11,675,755"
2021-03-02,"11,501,752"
2021-02-26,"11,438,232"
2021-02-25,"11,772,797"
2021-02-24,"11,873,145"
2021-02-23,"11,984,983"
2021-02-22,"12,014,999"
2021-02-19,"12,017,421"
2021-02-18,"11,765,052"
2021-02-17,"11,727,185"
2021-02-16,"11,657,095"
2021-02-15,"11,626,814"
2021-02-10,"11,612,796"
2021-02-09,"11,598,320"
2021-02-08,"11,603,990"
2021-02-05,"11,137,555"
2021-02-04,"10,636,204"
2021-02-03,"10,579,583"
2021-02-02,"10,422,508"
2021-02-01,"10,769,771"
2021-01-29,"10,995,791"
2021-01-28,"11,142,352"
2021-01-27,"11,205,593"
2021-01-26,"11,343,477"
2021-01-25,"11,369,969"
2021-01-22,"11,271,326"
2021-01-21,"10,977,889"
2021-01-20,"10,938,733"
2021-01-19,"11,039,067"
2021-01-18,"11,061,810"
2021-01-15,"11,033,406"
2021-01-14,"11,009,321"
2021-01-13,"10,755,824"
2021-01-12,"10,546,554"
2021-01-11,"10,370,667"
2021-01-08,"10,275,702"
2021-01-07,"10,131,926"
2021-01-06,"10,038,805"
2021-01-05,"9,819,434"
2021-01-04,"9,704,993"
2020-12-31,"9,612,222"
2020-12-30,"9,616,509"
2020-12-29,"9,633,490"
2020-12-28,"9,718,782"
2020-12-24,"9,766,850"
2020-12-23,"9,778,989"
2020-12-22,"9,819,962"
2020-12-21,"9,790,535"
2020-12-18,"9,821,231"
2020-12-17,"9,779,870"
2020-12-16,"9,761,707"
2020-12-15,"9,669,194"
2020-12-14,"9,614,375"
2020-12-11,"9,500,987"
2020-12-10,"9,443,662"
2020-12-09,"9,425,706"
2020-12-08,"9,354,462"
2020-12-07,"9,412,038"
2020-12-04,"9,384,700"
2020-12-03,"9,341,345"
2020-12-02,"9,303,999"
2020-12-01,"9,144,550"
2020-11-30,"9,072,684"
2020-11-27,"8,996,285"
2020-11-26,"8,961,411"
2020-11-25,"8,947,463"
2020-11-24,"8,894,901"
2020-11-23,"8,840,327"
2020-11-20,"8,742,485"
2020-11-19,"8,729,590"
2020-11-18,"8,716,094"
2020-11-17,"8,598,677"
2020-11-16,"8,588,365"
2020-11-13,"8,520,563"
2020-11-12,"8,558,568"
2020-11-11,"8,403,434"
2020-11-10,"8,331,880"
2020-11-09,"8,294,722"
2020-11-06,"8,342,160"
2020-11-05,"8,261,745"
2020-11-04,"8,263,877"
2020-11-03,"8,316,579"
2020-11-02,"8,304,168"
2020-10-30,"8,196,845"
2020-10-29,"8,169,019"
2020-10-28,"8,213,740"
2020-10-27,"8,280,291"
2020-10-26,"8,285,910"
2020-10-23,"8,290,387"
2020-10-22,"8,250,315"
2020-10-21,"8,301,852"
2020-10-20,"8,384,223"
2020-10-19,"8,465,206"
2020-10-16,"8,534,413"
2020-10-15,"8,524,655"
2020-10-14,"8,497,169"
2020-10-13,"8,438,455"
2020-10-12,"8,345,772"
2020-10-08,"8,252,884"
2020-10-07,"8,218,684"
2020-10-06,"8,173,863"
2020-10-05,"8,127,818"
2020-09-29,"8,130,867"
2020-09-28,"8,278,141"
2020-09-25,"8,495,000"
2020-09-24,"8,593,285"
2020-09-23,"8,635,684"
2020-09-22,"8,800,586"
2020-09-21,"8,809,995"
2020-09-18,"8,864,810"
2020-09-17,"8,911,459"
2020-09-16,"8,843,568"
2020-09-15,"8,765,831"
2020-09-14,"8,739,381"
2020-09-11,"8,698,199"
2020-09-10,"8,618,706"
2020-09-09,"8,540,578"
2020-09-08,"8,470,106"
2020-09-07,"8,441,476"
2020-09-04,"8,339,386"
2020-09-03,"8,272,257"
2020-09-02,"8,196,804"
2020-09-01,"7,965,359"
2020-08-31,"7,905,165"
2020-08-28,"7,886,560"
2020-08-27,"7,770,529"
2020-08-26,"7,686,737"
2020-08-25,"7,641,320"
2020-08-24,"7,712,160"
2020-08-21,"7,710,580"
2020-08-20,"7,685,747"
2020-08-19,"7,852,596"
2020-08-18,"7,774,092"
2020-08-14,"7,674,329"
2020-08-13,"7,602,319"
2020-08-12,"7,504,874"
2020-08-11,"7,339,907"
2020-08-10,"7,211,608"
2020-08-07,"7,160,223"
2020-08-06,"7,010,331"
2020-08-05,"6,917,019"
2020-08-04,"6,841,859"
2020-08-03,"6,789,876"
2020-07-31,"6,771,467"
2020-07-30,"6,735,070"
2020-07-29,"6,697,553"
2020-07-28,"6,685,312"
2020-07-27,"6,726,623"
2020-07-24,"6,742,179"
2020-07-23,"6,656,111"
2020-07-22,"6,595,837"
2020-07-21,"6,529,115"
2020-07-20,"6,470,721"
2020-07-17,"6,454,866"
2020-07-16,"6,454,911"
2020-07-15,"6,400,605"
2020-07-14,"6,375,530"
2020-07-13,"6,316,662"
2020-07-10,"6,244,345"
2020-07-09,"6,181,832"
2020-07-08,"6,145,781"
2020-07-07,"6,073,997"
2020-07-06,"6,055,296"
2020-07-03,"6,075,167"
2020-07-02,"6,101,548"
2020-07-01,"6,085,328"
2020-06-30,"6,076,065"
2020-06-29,"6,108,030"
2020-06-26,"6,022,139"
2020-06-25,"5,973,351"
2020-06-24,"5,907,243"
2020-06-23,"5,839,087"
2020-06-22,"5,792,974"
2020-06-19,"5,728,395"
2020-06-18,"5,609,864"
2020-06-17,"5,621,144"
2020-06-16,"5,665,639"
2020-06-15,"5,629,068"
2020-06-12,"5,488,142"
2020-06-11,"5,462,319"
2020-06-10,"5,359,046"
2020-06-09,"5,274,149"
2020-06-08,"5,214,633"
2020-06-05,"5,204,555"
2020-06-04,"5,195,804"
2020-06-03,"5,143,636"
2020-06-02,"5,132,557"
2020-06-01,"5,097,836"
2020-05-29,"5,098,097"
2020-05-28,"5,049,512"
2020-05-27,"5,006,717"
2020-05-26,"4,988,712"
2020-05-25,"4,938,915"
2020-05-22,"4,876,718"
2020-05-21,"4,856,053"
2020-05-20,"4,907,866"
2020-05-19,"4,885,114"
2020-05-18,"4,844,962"
2020-05-15,"4,778,023"
2020-05-14,"4,741,597"
2020-05-13,"4,662,897"
2020-05-12,"4,601,329"
2020-05-11,"4,600,257"
2020-05-08,"4,563,522"
2020-05-07,"4,530,159"
2020-05-06,"4,401,936"
2020-05-04,"4,433,182"
2020-04-29,"4,404,068"
2020-04-28,"4,392,990"
2020-04-27,"4,355,786"
2020-04-24,"4,332,268"
2020-04-23,"4,253,828"
2020-04-22,"4,179,004"
2020-04-21,"4,127,843"
2020-04-20,"4,071,625"
2020-04-17,"3,972,464"
2020-04-16,"3,955,720"
2020-04-14,"3,898,863"
2020-04-13,"3,829,387"
2020-04-10,"3,733,604"
2020-04-09,"3,639,332"
2020-04-08,"3,623,878"
2020-04-07,"3,583,672"
2020-04-06,"3,558,211"
2020-04-03,"3,498,367"
2020-04-02,"3,394,622"
2020-04-01,"3,267,548"
2020-03-31,"3,177,419"
2020-03-30,"3,162,910"
2020-03-27,"3,075,317"
2020-03-26,"3,087,901"
2020-03-25,"3,094,150"
2020-03-24,"3,109,784"
2020-03-23,"3,261,445"
2020-03-20,"3,611,615"
2020-03-19,"3,765,934"
2020-03-18,"3,861,952"
2020-03-17,"4,004,707"
2020-03-16,"4,335,190"
2020-03-13,"4,515,814"
2020-03-12,"4,562,258"
2020-03-11,"4,551,238"
2020-03-10,"4,564,823"
2020-03-09,"4,535,825"
2020-03-06,"4,520,719"
2020-03-05,"4,503,827"
2020-03-04,"4,490,105"
2020-03-03,"4,476,958"
2020-03-02,"4,577,856"
2020-02-28,"4,638,838"
2020-02-27,"4,584,084"
2020-02-26,"4,558,505"
2020-02-25,"4,596,876"
2020-02-24,"4,628,986"
2020-02-21,"4,630,141"
2020-02-20,"4,646,824"
2020-02-19,"4,609,629"
2020-02-18,"4,573,679"
2020-02-17,"4,572,985"
2020-02-14,"4,568,265"
2020-02-13,"4,557,718"
2020-02-12,"4,553,515"
2020-02-11,"4,505,514"
2020-02-10,"4,433,371"
2020-02-07,"4,476,895"
2020-02-06,"4,427,494"
2020-02-05,"4,407,226"
2020-02-04,"4,420,757"
2020-02-03,"4,456,013"
2020-01-31,"4,478,932"
2020-01-30,"4,491,672"
2020-01-29,"4,453,538"
2020-01-28,"4,414,481"
2020-01-23,"4,398,996"
2020-01-22,"4,394,250"
2020-01-21,"4,390,841"
2020-01-20,"4,379,350"
2020-01-17,"4,317,402"
2020-01-16,"4,277,367"
2020-01-15,"4,262,453"
2020-01-14,"4,228,913"
2020-01-13,"4,194,931"
2020-01-10,"4,201,428"
2020-01-09,"4,202,096"
2020-01-08,"4,211,678"
2020-01-07,"4,191,505"
2020-01-06,"4,162,646"
2020-01-03,"4,080,601"
2020-01-02,"4,061,820"
2019-12-31,"4,052,361"
2019-12-30,"4,054,522"
2019-12-27,"4,040,789"
2019-12-26,"4,045,785"
2019-12-24,"4,060,742"
2019-12-23,"4,085,645"
2019-12-20,"4,103,733"
2019-12-19,"4,080,345"
2019-12-18,"4,070,838"
2019-12-17,"4,069,163"
2019-12-16,"4,093,147"
2019-12-13,"4,135,569"
2019-12-12,"4,116,813"
2019-12-11,"4,126,897"
2019-12-10,"4,119,981"
2019-12-09,"4,152,353"
2019-12-06,"4,177,890"
2019-12-05,"4,163,309"
2019-12-04,"4,175,384"
2019-12-03,"4,188,339"
2019-12-02,"4,162,279"
2019-11-29,"4,153,904"
2019-11-28,"4,142,343"
2019-11-27,"4,105,176"
2019-11-26,"4,128,072"
2019-11-25,"4,163,948"
2019-11-22,"4,181,524"
2019-11-21,"4,176,215"
2019-11-20,"4,177,320"
2019-11-19,"4,148,798"
2019-11-18,"4,188,843"
2019-11-15,"4,195,864"
2019-11-14,"4,166,038"
2019-11-13,"4,153,035"
2019-11-12,"4,110,386"
2019-11-11,"4,105,232"
2019-11-08,"4,072,080"
2019-11-07,"4,055,996"
2019-11-06,"4,056,690"
2019-11-05,"4,070,574"
2019-11-04,"4,055,022"
2019-11-01,"4,037,535"
2019-10-31,"4,017,381"
2019-10-30,"4,005,076"
2019-10-29,"4,014,682"
2019-10-28,"4,029,438"
2019-10-25,"4,052,862"
2019-10-24,"4,006,546"
2019-10-23,"4,031,643"
2019-10-22,"4,021,429"
2019-10-21,"4,008,826"
2019-10-18,"3,997,255"
2019-10-17,"3,995,624"
2019-10-16,"3,963,905"
2019-10-15,"3,959,240"
2019-10-14,"3,977,741"
2019-10-11,"3,940,348"
2019-10-10,"3,971,637"
2019-10-08,"4,014,698"
2019-10-07,"4,019,936"
2019-10-04,"3,963,476"
2019-10-02,"3,988,276"
2019-10-01,"4,006,064"
2019-09-30,"3,990,492"
2019-09-27,"4,010,688"
2019-09-26,"4,011,505"
2019-09-25,"4,022,167"
2019-09-24,"4,008,791"
2019-09-23,"4,018,734"
2019-09-20,"3,976,314"
2019-09-19,"3,946,095"
2019-09-18,"3,909,432"
2019-09-17,"3,882,522"
2019-09-16,"3,900,274"
2019-09-11,"3,925,793"
2019-09-10,"3,931,210"
2019-09-09,"3,922,583"
2019-09-06,"3,921,634"
2019-09-05,"3,913,396"
2019-09-04,"3,897,903"
2019-09-03,"3,877,621"
2019-09-02,"3,926,877"
2019-08-30,"3,917,172"
2019-08-29,"3,921,212"
2019-08-28,"3,919,110"
2019-08-27,"3,950,438"
2019-08-26,"3,965,727"
2019-08-23,"3,937,111"
2019-08-22,"3,904,483"
2019-08-21,"3,902,050"
2019-08-20,"3,911,120"
2019-08-19,"3,903,204"
2019-08-16,"3,886,762"
2019-08-14,"3,863,059"
2019-08-13,"3,818,906"
2019-08-12,"3,794,451"
2019-08-09,"3,775,022"
2019-08-08,"3,815,489"
2019-08-07,"4,012,046"
2019-08-06,"4,171,844"
2019-08-05,"4,208,565"
2019-08-02,"4,257,176"
2019-08-01,"4,282,736"
2019-07-31,"4,355,804"
2019-07-30,"4,434,918"
2019-07-29,"4,484,791"
2019-07-26,"4,534,931"
2019-07-25,"4,561,859"
2019-07-24,"4,580,190"
2019-07-23,"4,558,872"
2019-07-22,"4,595,517"
2019-07-19,"4,595,892"
2019-07-18,"4,600,396"
2019-07-17,"4,596,310"
2019-07-16,"4,590,256"
2019-07-15,"4,577,611"
2019-07-12,"4,581,738"
2019-07-11,"4,591,919"
2019-07-10,"4,662,353"
2019-07-09,"4,684,010"
2019-07-08,"4,702,165"
2019-07-05,"4,716,213"
2019-07-04,"4,698,718"
2019-07-03,"4,693,039"
2019-07-02,"4,701,294"
2019-07-01,"4,746,018"
2019-06-28,"4,797,569"
2019-06-27,"4,817,620"
2019-06-26,"4,821,181"
2019-06-25,"4,828,799"
2019-06-24,"4,796,069"
2019-06-21,"4,805,613"
2019-06-20,"4,854,850"
2019-06-19,"4,869,916"
2019-06-18,"4,866,411"
2019-06-17,"4,849,537"
2019-06-14,"4,809,582"
2019-06-13,"4,784,919"
2019-06-12,"4,786,561"
2019-06-11,"4,807,049"
2019-06-10,"4,793,793"
2019-06-07,"4,780,521"
2019-06-05,"4,777,056"
2019-06-04,"4,798,182"
2019-06-03,"4,809,183"
2019-05-31,"4,830,467"
2019-05-30,"4,822,638"
2019-05-29,"4,794,940"
2019-05-28,"4,773,234"
2019-05-27,"4,794,506"
2019-05-24,"4,812,788"
2019-05-23,"4,806,806"
2019-05-22,"4,817,698"
2019-05-21,"4,834,991"
2019-05-20,"4,831,663"
2019-05-17,"4,798,950"
2019-05-16,"4,795,439"
2019-05-15,"4,823,605"
2019-05-14,"4,839,318"
2019-05-13,"4,879,696"
2019-05-10,"4,859,404"
2019-05-09,"4,875,487"
2019-05-08,"4,877,447"
2019-05-07,"4,828,809"
2019-05-03,"4,831,290"
2019-05-02,"4,830,708"
2019-04-30,"4,855,889"
2019-04-29,"4,873,025"
2019-04-26,"4,894,437"
2019-04-25,"4,841,824"
2019-04-24,"4,832,229"
2019-04-23,"4,800,196"
2019-04-22,"4,795,635"
2019-04-19,"4,785,984"
2019-04-18,"4,784,569"
2019-04-17,"4,783,615"
2019-04-16,"4,746,255"
2019-04-15,"4,735,037"
2019-04-12,"4,729,050"
2019-04-11,"4,720,663"
2019-04-10,"4,721,970"
2019-04-09,"4,714,118"
2019-04-08,"4,702,459"
2019-04-05,"4,714,720"
2019-04-04,"4,719,595"
2019-04-03,"4,725,030"
2019-04-02,"4,786,017"
2019-04-01,"4,826,848"
2019-03-29,"4,862,281"
2019-03-28,"4,867,341"
2019-03-27,"4,868,233"
2019-03-26,"4,876,924"
2019-03-25,"4,894,786"
2019-03-22,"4,927,330"
2019-03-21,"4,919,721"
2019-03-20,"4,910,496"
2019-03-19,"4,922,828"
2019-03-18,"5,008,935"
2019-03-15,"4,982,638"
2019-03-14,"4,977,619"
2019-03-13,"4,997,362"
2019-03-12,"5,000,325"
2019-03-11,"4,976,619"
2019-03-08,"4,977,421"
2019-03-07,"4,959,025"
2019-03-06,"4,921,641"
2019-03-05,"4,939,988"
2019-03-04,"5,038,866"
2019-02-28,"5,055,904"
2019-02-27,"5,060,771"
2019-02-26,"5,047,484"
2019-02-25,"5,056,102"
2019-02-22,"5,039,774"
2019-02-21,"5,052,295"
2019-02-20,"5,052,992"
2019-02-19,"5,077,352"
2019-02-18,"5,037,381"
2019-02-15,"5,028,759"
2019-02-14,"5,029,134"
2019-02-13,"5,021,681"
2019-02-12,"4,977,791"
2019-02-11,"4,920,916"
2019-02-08,"4,890,795"
2019-02-07,"4,897,966"
2019-02-01,"4,869,131"
2019-01-31,"4,873,375"
2019-01-30,"4,839,729"
2019-01-29,"4,785,212"
2019-01-28,"4,851,902"
2019-01-25,"4,838,221"
2019-01-24,"4,850,931"
2019-01-23,"4,835,375"
2019-01-22,"4,808,583"
2019-01-21,"4,799,205"
2019-01-18,"4,776,095"
2019-01-17,"4,751,691"
2019-01-16,"4,769,841"
2019-01-15,"4,740,012"
2019-01-14,"4,770,180"
2019-01-11,"4,751,100"
2019-01-10,"4,777,281"
2019-01-09,"4,760,340"
2019-01-08,"4,784,175"
2019-01-07,"4,785,337"
2019-01-04,"4,822,346"
2019-01-03,"4,786,784"
2019-01-02,"4,806,579"
2018-12-31,"4,844,817"
2018-12-28,"4,847,280"
2018-12-27,"4,860,254"
2018-12-26,"4,848,134"
2018-12-24,"4,853,594"
2018-12-21,"4,856,811"
2018-12-20,"4,858,237"
2018-12-19,"4,883,057"
2018-12-18,"4,914,525"
2018-12-17,"4,899,722"
2018-12-14,"4,908,032"
2018-12-13,"4,924,219"
2018-12-12,"4,930,412"
2018-12-11,"4,950,758"
2018-12-10,"4,965,268"
2018-12-07,"4,963,085"
2018-12-06,"4,936,469"
2018-12-05,"4,888,551"
2018-12-04,"4,906,677"
2018-12-03,"4,870,637"
2018-11-30,"4,907,434"
2018-11-29,"4,912,287"
2018-11-28,"4,923,533"
2018-11-27,"4,972,610"
2018-11-26,"4,988,723"
2018-11-23,"4,964,522"
2018-11-22,"4,924,905"
2018-11-21,"4,890,815"
2018-11-20,"4,874,998"
2018-11-19,"4,860,167"
2018-11-16,"4,861,620"
2018-11-15,"4,849,186"
2018-11-14,"4,862,463"
2018-11-13,"4,873,106"
2018-11-12,"4,840,072"
2018-11-09,"4,832,387"
2018-11-08,"4,803,082"
2018-11-07,"4,751,522"
2018-11-06,"4,644,308"
2018-11-05,"4,706,812"
2018-11-02,"4,705,429"
2018-11-01,"4,683,858"
2018-10-31,"4,850,285"
2018-10-30,"5,080,743"
2018-10-29,"5,236,992"
2018-10-26,"5,406,359"
2018-10-25,"5,574,928"
2018-10-24,"5,566,367"
2018-10-23,"5,564,627"
2018-10-22,"5,566,442"
2018-10-19,"5,529,135"
2018-10-18,"5,526,614"
2018-10-17,"5,524,761"
2018-10-16,"5,527,788"
2018-10-15,"5,616,803"
2018-10-12,"5,823,397"
2018-10-11,"5,926,897"
2018-10-10,"5,959,768"
2018-10-08,"5,980,496"
2018-10-05,"5,960,689"
2018-10-04,"5,973,780"
2018-10-02,"5,969,706"
2018-10-01,"5,944,638"
2018-09-28,"5,926,685"
2018-09-27,"5,934,884"
2018-09-21,"5,990,345"
2018-09-20,"6,007,945"
2018-09-19,"5,989,622"
2018-09-18,"5,963,656"
2018-09-17,"6,001,281"
2018-09-14,"5,976,992"
2018-09-13,"5,930,355"
2018-09-12,"5,874,456"
2018-09-11,"5,868,856"
2018-09-10,"5,863,808"
2018-09-07,"5,845,278"
2018-09-06,"5,801,132"
2018-09-05,"5,783,793"
2018-09-04,"5,743,252"
2018-09-03,"5,738,762"
2018-08-31,"5,711,382"
2018-08-30,"5,722,137"
2018-08-29,"5,758,336"
2018-08-28,"5,774,907"
2018-08-27,"5,766,567"
2018-08-24,"5,736,316"
2018-08-23,"5,713,825"
2018-08-22,"5,699,800"
2018-08-21,"5,670,763"
2018-08-20,"5,655,676"
2018-08-17,"5,623,876"
2018-08-16,"5,679,648"
2018-08-14,"5,714,266"
2018-08-13,"5,700,895"
2018-08-10,"5,704,662"
2018-08-09,"5,687,397"
2018-08-08,"5,672,566"
2018-08-07,"5,671,911"
2018-08-06,"5,664,463"
2018-08-03,"5,591,092"
2018-08-02,"5,578,640"
2018-08-01,"5,573,620"
2018-07-31,"5,568,107"
2018-07-30,"5,555,128"
2018-07-27,"5,576,517"
2018-07-26,"5,591,694"
2018-07-25,"5,655,812"
2018-07-24,"5,741,837"
2018-07-23,"5,766,281"
2018-07-20,"5,809,759"
2018-07-19,"5,818,023"
2018-07-18,"5,795,362"
2018-07-17,"5,758,084"
2018-07-16,"5,759,802"
2018-07-13,"5,726,530"
2018-07-12,"5,702,354"
2018-07-11,"5,720,626"
2018-07-10,"5,712,924"
2018-07-09,"5,725,018"
2018-07-06,"5,756,591"
2018-07-05,"5,749,994"
2018-07-04,"5,836,316"
2018-07-03,"5,887,006"
2018-07-02,"5,931,653"
2018-06-29,"5,997,545"
2018-06-28,"6,034,358"
2018-06-27,"6,045,150"
2018-06-26,"6,050,279"
2018-06-25,"6,077,817"
2018-06-22,"6,050,610"
2018-06-21,"6,053,030"
2018-06-20,"6,144,777"
2018-06-19,"6,250,561"
2018-06-18,"6,262,175"
2018-06-15,"6,245,942"
2018-06-14,"6,262,046"
2018-06-12,"6,294,547"
2018-06-11,"6,288,518"
2018-06-08,"6,268,086"
2018-06-07,"6,264,749"
2018-06-05,"6,273,435"
2018-06-04,"6,281,162"
2018-06-01,"6,244,364"
2018-05-31,"6,192,201"
2018-05-30,"6,146,111"
2018-05-29,"6,079,977"
2018-05-28,"6,232,201"
2018-05-25,"6,244,133"
2018-05-24,"6,214,901"
2018-05-23,"6,199,449"
2018-05-21,"6,210,205"
2018-05-18,"6,214,627"
2018-05-17,"6,221,309"
2018-05-16,"6,145,673"
2018-05-15,"6,086,607"
2018-05-14,"6,071,419"
2018-05-11,"6,050,566"
2018-05-10,"6,069,171"
2018-05-09,"6,107,021"
2018-05-08,"6,066,251"
2018-05-04,"6,068,644"
2018-05-03,"6,018,629"
2018-05-02,"6,015,290"
2018-04-30,"5,974,872"
2018-04-27,"5,943,821"
2018-04-26,"5,918,337"
2018-04-25,"5,901,367"
2018-04-24,"5,851,500"
2018-04-23,"5,809,902"
2018-04-20,"5,722,517"
2018-04-19,"5,744,780"
2018-04-18,"5,706,294"
2018-04-17,"5,678,660"
2018-04-16,"5,649,506"
2018-04-13,"5,626,041"
2018-04-12,"5,593,854"
2018-04-11,"5,589,765"
2018-04-10,"5,573,726"
2018-04-09,"5,553,665"
2018-04-06,"5,558,475"
2018-04-05,"5,526,990"
2018-04-04,"5,495,134"
2018-04-03,"5,484,710"
2018-04-02,"5,465,552"
2018-03-30,"5,411,440"
2018-03-29,"5,374,727"
2018-03-28,"5,360,773"
2018-03-27,"5,371,923"
2018-03-26,"5,451,397"
2018-03-23,"5,479,163"
2018-03-22,"5,499,976"
2018-03-21,"5,483,711"
2018-03-20,"5,456,079"
2018-03-19,"5,459,581"
2018-03-16,"5,434,333"
2018-03-15,"5,400,526"
2018-03-14,"5,334,755"
2018-03-13,"5,347,757"
2018-03-12,"5,295,034"
2018-03-09,"5,324,096"
2018-03-08,"5,359,432"
2018-03-07,"5,343,421"
2018-03-06,"5,338,206"
2018-03-05,"5,290,635"
2018-03-02,"5,303,763"
2018-02-28,"5,316,450"
2018-02-27,"5,333,939"
2018-02-26,"5,352,264"
2018-02-23,"5,326,398"
2018-02-22,"5,296,649"
2018-02-21,"5,273,354"
2018-02-20,"5,254,694"
2018-02-19,"5,280,461"
2018-02-14,"5,331,041"
2018-02-13,"5,301,674"
2018-02-12,"5,311,800"
2018-02-09,"5,271,435"
2018-02-08,"4,836,633"
2018-02-07,"4,933,199"
2018-02-06,"4,918,220"
2018-02-05,"4,911,630"
2018-02-02,"4,903,472"
2018-02-01,"4,847,695"
2018-01-31,"4,800,856"
2018-01-30,"4,783,411"
2018-01-29,"4,767,047"
2018-01-26,"4,759,863"
2018-01-25,"4,748,811"
2018-01-24,"4,780,210"
2018-01-23,"4,791,479"
2018-01-22,"4,771,933"
2018-01-19,"4,753,899"
2018-01-18,"4,720,340"
2018-01-17,"4,711,052"
2018-01-16,"4,702,555"
2018-01-15,"4,705,792"
2018-01-12,"4,679,806"
2018-01-11,"4,604,796"
2018-01-10,"4,577,636"
2018-01-09,"4,545,828"
2018-01-08,"4,567,468"
2018-01-05,"4,538,262"
2018-01-04,"4,505,679"
2018-01-03,"4,498,266"
2018-01-02,"4,514,000"
2017-12-29,"4,482,550"
2017-12-28,"4,485,532"
2017-12-27,"4,513,564"
2017-12-26,"4,554,702"
2017-12-22,"4,569,593"
2017-12-21,"4,604,545"
2017-12-20,"4,647,035"
2017-12-19,"4,651,103"
2017-12-18,"4,705,366"
2017-12-15,"4,672,201"
2017-12-14,"4,730,400"
2017-12-13,"4,715,934"
2017-12-12,"4,743,815"
2017-12-11,"4,784,388"
2017-12-08,"4,798,163"
2017-12-07,"4,766,633"
2017-12-06,"4,800,654"
2017-12-05,"4,780,411"
2017-12-04,"4,775,623"
2017-12-01,"4,744,775"
2017-11-30,"4,758,513"
2017-11-29,"4,785,129"
2017-11-28,"4,736,343"
2017-11-27,"4,722,323"
2017-11-24,"4,733,991"
2017-11-23,"4,707,101"
2017-11-22,"4,699,889"
2017-11-21,"4,685,569"
2017-11-20,"4,675,447"
2017-11-17,"4,658,759"
2017-11-16,"4,632,633"
2017-11-15,"4,609,839"
2017-11-14,"4,599,475"
2017-11-13,"4,573,997"
2017-11-10,"4,542,674"
2017-11-09,"4,506,610"
2017-11-08,"4,484,548"
2017-11-07,"4,447,833"
2017-11-06,"4,462,858"
2017-11-03,"4,450,010"
2017-11-02,"4,419,053"
2017-11-01,"4,359,896"
2017-10-31,"4,313,232"
2017-10-30,"4,308,602"
2017-10-27,"4,287,085"
2017-10-26,"4,257,705"
2017-10-25,"4,242,691"
2017-10-24,"4,173,969"
2017-10-23,"4,176,622"
2017-10-20,"4,133,804"
2017-10-19,"4,121,988"
2017-10-18,"4,080,945"
2017-10-17,"4,087,060"
2017-10-16,"4,074,535"
2017-10-13,"4,043,577"
2017-10-12,"4,008,025"
2017-10-11,"3,984,779"
2017-10-10,"4,024,956"
2017-09-29,"4,019,003"
2017-09-28,"4,024,999"
2017-09-27,"4,057,700"
2017-09-26,"4,100,449"
2017-09-25,"4,172,478"
2017-09-22,"4,161,678"
2017-09-21,"4,138,517"
2017-09-20,"4,103,129"
2017-09-19,"4,093,798"
2017-09-18,"4,068,648"
2017-09-15,"4,051,639"
2017-09-14,"4,031,337"
2017-09-13,"4,008,289"
2017-09-12,"4,015,484"
2017-09-11,"4,020,676"
2017-09-08,"4,048,798"
2017-09-07,"4,042,235"
2017-09-06,"4,033,249"
2017-09-05,"4,074,971"
2017-09-04,"4,059,187"
2017-09-01,"4,038,347"
2017-08-31,"4,022,046"
2017-08-30,"3,999,721"
2017-08-29,"3,996,851"
2017-08-28,"4,011,218"
2017-08-25,"4,013,192"
2017-08-24,"4,002,170"
2017-08-23,"3,992,126"
2017-08-22,"3,979,995"
2017-08-21,"3,980,655"
2017-08-18,"3,966,177"
2017-08-17,"3,980,395"
2017-08-16,"3,999,189"
2017-08-14,"4,009,923"
2017-08-11,"4,041,102"
2017-08-10,"4,062,967"
2017-08-09,"4,063,603"
2017-08-08,"4,062,687"
2017-08-07,"4,083,562"
2017-08-04,"4,100,202"
2017-08-03,"4,100,328"
2017-08-02,"4,092,474"
2017-08-01,"4,113,743"
2017-07-31,"4,158,263"
2017-07-28,"4,176,010"
2017-07-27,"4,215,006"
2017-07-26,"4,214,819"
2017-07-25,"4,194,284"
2017-07-24,"4,197,676"
2017-07-21,"4,191,362"
2017-07-20,"4,190,516"
2017-07-19,"4,176,258"
2017-07-18,"4,184,190"
2017-07-17,"4,191,515"
2017-07-14,"4,166,432"
2017-07-13,"4,174,075"
2017-07-12,"4,184,049"
2017-07-11,"4,198,405"
2017-07-10,"4,231,111"
2017-07-07,"4,141,363"
2017-07-06,"4,122,524"
2017-07-05,"4,140,979"
2017-07-04,"4,155,572"
2017-07-03,"4,154,330"
2017-06-30,"4,156,239"
2017-06-29,"4,171,077"
2017-06-28,"4,134,638"
2017-06-27,"4,104,323"
2017-06-26,"4,098,073"
2017-06-23,"4,094,227"
2017-06-22,"4,074,903"
2017-06-21,"4,047,758"
2017-06-20,"4,043,714"
2017-06-19,"4,032,029"
2017-06-16,"3,980,980"
2017-06-15,"3,969,334"
2017-06-14,"3,936,857"
2017-06-13,"3,879,415"
2017-06-12,"3,830,393"
2017-06-09,"3,787,565"
2017-06-08,"3,751,660"
2017-06-07,"3,720,780"
2017-06-05,"3,705,562"
2017-06-02,"3,682,303"
2017-06-01,"3,649,261"
2017-05-31,"3,651,266"
2017-05-30,"3,627,091"
2017-05-29,"3,599,140"
2017-05-26,"3,597,998"
2017-05-25,"3,561,435"
2017-05-24,"3,556,477"
2017-05-23,"3,507,438"
2017-05-22,"3,497,955"
2017-05-19,"3,475,830"
2017-05-18,"3,445,242"
2017-05-17,"3,429,786"
2017-05-16,"3,397,056"
2017-05-15,"3,349,014"
2017-05-12,"3,337,368"
2017-05-11,"3,313,725"
2017-05-10,"3,326,274"
2017-05-08,"3,306,587"
2017-05-04,"3,323,809"
2017-05-02,"3,300,381"
2017-04-28,"3,244,965"
2017-04-27,"3,262,154"
2017-04-26,"3,268,461"
2017-04-25,"3,293,430"
2017-04-24,"3,306,748"
2017-04-21,"3,316,004"
2017-04-20,"3,299,934"
2017-04-19,"3,290,023"
2017-04-18,"3,279,736"
2017-04-17,"3,276,003"
2017-04-14,"3,279,681"
2017-04-13,"3,267,553"
2017-04-12,"3,275,608"
2017-04-11,"3,306,402"
2017-04-10,"3,296,030"
2017-04-07,"3,294,809"
2017-04-06,"3,293,848"
2017-04-05,"3,286,686"
2017-04-04,"3,288,514"
2017-04-03,"3,300,108"
2017-03-31,"3,286,353"
2017-03-30,"3,264,205"
2017-03-29,"3,249,250"
2017-03-28,"3,249,569"
2017-03-27,"3,262,884"
2017-03-24,"3,250,434"
2017-03-23,"3,244,250"
2017-03-22,"3,211,816"
2017-03-21,"3,191,538"
2017-03-20,"3,167,202"
2017-03-17,"3,178,108"
2017-03-16,"3,172,588"
2017-03-15,"3,149,157"
2017-03-14,"3,135,042"
2017-03-13,"3,140,513"
2017-03-10,"3,117,099"
2017-03-09,"3,105,679"
2017-03-08,"3,111,191"
2017-03-07,"3,111,029"
2017-03-06,"3,135,421"
2017-03-03,"3,118,073"
2017-03-02,"3,112,168"
2017-02-28,"3,100,595"
2017-02-27,"3,110,884"
2017-02-24,"3,099,447"
2017-02-23,"3,080,288"
2017-02-22,"3,082,734"
2017-02-21,"3,057,205"
2017-02-20,"3,067,843"
2017-02-17,"3,053,304"
2017-02-16,"3,053,127"
2017-02-15,"3,053,915"
2017-02-14,"3,064,889"
2017-02-13,"3,077,101"
2017-02-10,"3,056,147"
2017-02-09,"3,039,381"
2017-02-08,"3,047,509"
2017-02-07,"3,039,223"
2017-02-06,"3,057,804"
2017-02-03,"3,067,368"
2017-02-02,"3,065,896"
2017-02-01,"3,049,831"
2017-01-31,"3,071,735"
2017-01-26,"3,057,191"
2017-01-25,"3,076,936"
2017-01-24,"3,093,763"
2017-01-23,"3,092,853"
2017-01-20,"3,076,840"
2017-01-19,"3,078,711"
2017-01-18,"3,083,565"
2017-01-17,"3,068,051"
2017-01-16,"3,070,225"
2017-01-13,"3,071,496"
2017-01-12,"3,086,329"
2017-01-11,"3,073,732"
2017-01-10,"3,033,524"
2017-01-09,"3,023,900"
2017-01-06,"3,009,233"
2017-01-05,"2,980,998"
2017-01-04,"2,965,129"
2017-01-03,"2,950,109"
2017-01-02,"2,944,184"
2016-12-30,"2,927,076"
2016-12-29,"2,929,130"
2016-12-28,"2,957,251"
2016-12-27,"2,957,402"
2016-12-26,"2,963,108"
2016-12-23,"2,964,418"
2016-12-22,"2,957,706"
2016-12-21,"2,954,090"
2016-12-20,"2,939,882"
2016-12-19,"2,924,348"
2016-12-16,"2,903,776"
2016-12-15,"2,895,032"
2016-12-14,"2,888,362"
2016-12-13,"2,869,576"
2016-12-12,"2,867,572"
2016-12-09,"2,889,280"
2016-12-08,"2,895,800"
2016-12-07,"2,909,216"
2016-12-06,"2,949,845"
2016-12-05,"2,975,946"
2016-12-02,"2,981,741"
2016-12-01,"2,969,496"
2016-11-30,"2,984,112"
2016-11-29,"2,976,676"
2016-11-28,"2,987,570"
2016-11-25,"3,023,017"
2016-11-24,"3,063,594"
2016-11-23,"3,069,055"
2016-11-22,"3,081,801"
2016-11-21,"3,080,071"
2016-11-18,"3,073,149"
2016-11-17,"3,064,479"
2016-11-16,"3,045,968"
2016-11-15,"3,022,550"
2016-11-14,"2,979,955"
2016-11-11,"2,971,053"
2016-11-10,"3,053,042"
2016-11-09,"3,053,802"
2016-11-08,"3,053,168"
2016-11-07,"3,070,296"
2016-11-04,"3,112,905"
2016-11-03,"3,173,828"
2016-11-02,"3,192,810"
2016-11-01,"3,238,095"
2016-10-31,"3,254,559"
2016-10-28,"3,270,357"
2016-10-27,"3,290,849"
2016-10-26,"3,313,520"
2016-10-25,"3,329,338"
2016-10-24,"3,351,327"
2016-10-21,"3,358,077"
2016-10-20,"3,340,730"
2016-10-19,"3,367,887"
2016-10-18,"3,375,079"
2016-10-17,"3,385,653"
2016-10-14,"3,372,133"
2016-10-13,"3,372,398"
2016-10-12,"3,394,422"
2016-10-11,"3,424,625"
2016-10-10,"3,398,582"
2016-10-07,"3,354,240"
2016-10-06,"3,351,410"
2016-10-05,"3,354,982"
2016-10-04,"3,371,655"
2016-09-30,"3,367,061"
2016-09-29,"3,374,299"
2016-09-28,"3,372,276"
2016-09-27,"3,358,879"
2016-09-26,"3,382,271"
2016-09-23,"3,384,465"
2016-09-22,"3,362,167"
2016-09-21,"3,334,444"
2016-09-20,"3,313,777"
2016-09-19,"3,311,523"
2016-09-13,"3,323,969"
2016-09-12,"3,344,754"
2016-09-09,"3,347,142"
2016-09-08,"3,336,501"
2016-09-07,"3,315,727"
2016-09-06,"3,320,185"
2016-09-05,"3,322,327"
2016-09-02,"3,300,256"
2016-09-01,"3,320,151"
2016-08-31,"3,351,147"
2016-08-30,"3,381,070"
2016-08-29,"3,379,748"
2016-08-26,"3,389,301"
2016-08-25,"3,386,832"
2016-08-24,"3,386,160"
2016-08-23,"3,380,145"
2016-08-22,"3,367,957"
2016-08-19,"3,340,273"
2016-08-18,"3,336,932"
2016-08-17,"3,323,277"
2016-08-16,"3,320,199"
2016-08-12,"3,299,496"
2016-08-11,"3,287,356"
2016-08-10,"3,292,516"
2016-08-09,"3,325,400"
2016-08-08,"3,340,712"
2016-08-05,"3,342,438"
2016-08-04,"3,337,599"
2016-08-03,"3,336,247"
2016-08-02,"3,346,208"
2016-08-01,"3,339,247"
2016-07-29,"3,341,800"
2016-07-28,"3,342,554"
2016-07-27,"3,335,510"
2016-07-26,"3,333,323"
2016-07-25,"3,326,647"
2016-07-22,"3,313,841"
2016-07-21,"3,300,159"
2016-07-20,"3,279,945"
2016-07-19,"3,258,054"
2016-07-18,"3,254,611"
2016-07-15,"3,242,380"
2016-07-14,"3,232,354"
2016-07-13,"3,235,503"
2016-07-12,"3,232,138"
2016-07-11,"3,213,007"
2016-07-08,"3,196,502"
2016-07-07,"3,172,243"
2016-07-06,"3,146,187"
2016-07-05,"3,138,175"
2016-07-04,"3,128,284"
2016-07-01,"3,116,514"
2016-06-30,"3,109,059"
2016-06-29,"3,063,168"
2016-06-28,"3,097,759"
2016-06-27,"3,207,862"
2016-06-24,"3,248,745"
2016-06-23,"3,263,675"
2016-06-22,"3,248,204"
2016-06-21,"3,253,031"
2016-06-20,"3,271,511"
2016-06-17,"3,301,844"
2016-06-16,"3,273,834"
2016-06-15,"3,253,729"
2016-06-14,"3,252,783"
2016-06-13,"3,232,465"
2016-06-10,"3,244,255"
2016-06-09,"3,252,828"
2016-06-08,"3,252,738"
2016-06-07,"3,253,494"
2016-06-03,"3,237,723"
2016-06-02,"3,206,656"
2016-06-01,"3,204,923"
2016-05-31,"3,206,364"
2016-05-30,"3,228,656"
2016-05-27,"3,256,680"
2016-05-26,"3,291,953"
2016-05-25,"3,274,612"
2016-05-24,"3,284,803"
2016-05-23,"3,285,480"
2016-05-20,"3,306,669"
2016-05-19,"3,326,930"
2016-05-18,"3,326,960"
2016-05-17,"3,333,715"
2016-05-16,"3,347,741"
2016-05-13,"3,314,085"
2016-05-12,"3,301,850"
2016-05-11,"3,310,815"
2016-05-10,"3,305,300"
2016-05-09,"3,283,937"
2016-05-04,"3,289,937"
2016-05-03,"3,293,273"
2016-05-02,"3,276,370"
2016-04-29,"3,277,177"
2016-04-28,"3,287,830"
2016-04-27,"3,271,708"
2016-04-26,"3,263,510"
2016-04-25,"3,241,098"
2016-04-22,"3,239,761"
2016-04-21,"3,232,742"
2016-04-20,"3,229,795"
2016-04-19,"3,225,992"
2016-04-18,"3,228,159"
2016-04-15,"3,271,319"
2016-04-14,"3,284,893"
2016-04-12,"3,287,969"
2016-04-11,"3,273,155"
2016-04-08,"3,268,279"
2016-04-07,"3,224,795"
2016-04-06,"3,205,267"
2016-04-05,"3,184,307"
2016-04-04,"3,154,949"
2016-04-01,"3,143,334"
2016-03-31,"3,129,925"
2016-03-30,"3,129,441"
2016-03-29,"3,132,557"
2016-03-28,"3,125,252"
2016-03-25,"3,122,605"
2016-03-24,"3,129,360"
2016-03-23,"3,134,793"
2016-03-22,"3,118,645"
2016-03-21,"3,103,697"
2016-03-18,"3,122,173"
2016-03-17,"3,101,286"
2016-03-16,"3,101,505"
2016-03-15,"3,078,776"
2016-03-14,"3,057,331"
2016-03-11,"3,036,693"
2016-03-10,"3,018,657"
2016-03-09,"2,997,727"
2016-03-08,"2,983,922"
2016-03-07,"2,948,996"
2016-03-04,"2,948,773"
2016-03-03,"2,943,507"
2016-03-02,"2,951,777"
2016-02-29,"2,942,685"
2016-02-26,"2,933,754"
2016-02-25,"2,915,887"
2016-02-24,"2,919,330"
2016-02-23,"2,902,929"
2016-02-22,"2,905,050"
2016-02-19,"2,922,266"
2016-02-18,"2,931,691"
2016-02-17,"2,937,830"
2016-02-16,"2,961,811"
2016-02-15,"3,060,446"
2016-02-12,"3,102,779"
2016-02-11,"3,139,200"
2016-02-05,"3,168,055"
2016-02-04,"3,156,357"
2016-02-03,"3,141,546"
2016-02-02,"3,165,750"
2016-02-01,"3,134,644"
2016-01-29,"3,123,309"
2016-01-28,"3,161,118"
2016-01-27,"3,132,946"
2016-01-26,"3,152,087"
2016-01-25,"3,172,776"
2016-01-22,"3,180,781"
2016-01-21,"3,181,003"
2016-01-20,"3,143,114"
2016-01-19,"3,136,709"
2016-01-18,"3,148,953"
2016-01-15,"3,133,048"
2016-01-14,"3,136,605"
2016-01-13,"3,137,159"
2016-01-12,"3,119,184"
2016-01-11,"3,108,658"
2016-01-08,"3,107,986"
2016-01-07,"3,082,786"
2016-01-06,"3,073,628"
2016-01-05,"3,066,359"
2016-01-04,"3,060,848"
2015-12-31,"3,034,006"
2015-12-30,"3,035,620"
2015-12-29,"3,046,039"
2015-12-28,"3,068,104"
2015-12-24,"3,107,627"
2015-12-23,"3,120,495"
2015-12-22,"3,109,369"
2015-12-21,"3,094,035"
2015-12-18,"3,105,512"
2015-12-17,"3,115,267"
2015-12-16,"3,121,023"
2015-12-15,"3,172,455"
2015-12-14,"3,175,326"
2015-12-11,"3,197,418"
2015-12-10,"3,209,491"
2015-12-09,"3,233,359"
2015-12-08,"3,236,038"
2015-12-07,"3,222,969"
2015-12-04,"3,200,130"
2015-12-03,"3,187,457"
2015-12-02,"3,207,170"
2015-12-01,"3,190,811"
2015-11-30,"3,206,638"
2015-11-27,"3,204,276"
2015-11-26,"3,190,401"
2015-11-25,"3,189,990"
2015-11-24,"3,178,542"
2015-11-23,"3,177,055"
2015-11-20,"3,180,146"
2015-11-19,"3,174,308"
2015-11-18,"3,163,263"
2015-11-17,"3,192,246"
2015-11-16,"3,186,614"
2015-11-13,"3,169,647"
2015-11-12,"3,165,235"
2015-11-11,"3,205,788"
2015-11-10,"3,227,699"
2015-11-09,"3,214,589"
2015-11-06,"3,199,432"
2015-11-05,"3,215,526"
2015-11-04,"3,231,749"
2015-11-03,"3,251,740"
2015-11-02,"3,269,264"
2015-10-30,"3,252,293"
2015-10-29,"3,233,397"
2015-10-28,"3,208,185"
2015-10-27,"3,220,589"
2015-10-26,"3,240,794"
2015-10-23,"3,219,970"
2015-10-22,"3,194,916"
2015-10-21,"3,180,747"
2015-10-20,"3,181,711"
2015-10-19,"3,178,603"
2015-10-16,"3,182,214"
2015-10-15,"3,170,275"
2015-10-14,"3,168,687"
2015-10-13,"3,183,141"
2015-10-12,"3,202,697"
2015-10-08,"3,210,502"
2015-10-07,"3,214,754"
2015-10-06,"3,203,154"
2015-10-05,"3,184,935"
2015-10-02,"3,199,483"
2015-10-01,"3,201,513"
2015-09-30,"3,199,756"
2015-09-25,"3,187,869"
2015-09-24,"3,167,427"
2015-09-23,"3,174,686"
2015-09-22,"3,141,525"
2015-09-21,"3,154,268"
2015-09-18,"3,171,148"
2015-09-17,"3,200,183"
2015-09-16,"3,198,658"
2015-09-15,"3,191,895"
2015-09-14,"3,157,150"
2015-09-11,"3,179,796"
2015-09-10,"3,196,003"
2015-09-09,"3,208,476"
2015-09-08,"3,220,606"
2015-09-07,"3,247,275"
2015-09-04,"3,226,539"
2015-09-03,"3,212,602"
2015-09-02,"3,179,144"
2015-09-01,"3,192,202"
2015-08-31,"3,172,594"
2015-08-28,"3,155,930"
2015-08-27,"3,172,724"
2015-08-26,"3,137,569"
2015-08-25,"3,206,183"
2015-08-24,"3,402,590"
2015-08-21,"3,456,842"
2015-08-20,"3,550,335"
2015-08-19,"3,604,070"
2015-08-18,"3,609,316"
2015-08-17,"3,612,996"
2015-08-13,"3,672,216"
2015-08-12,"3,703,761"
2015-08-11,"3,691,660"
2015-08-10,"3,685,166"
2015-08-07,"3,661,659"
2015-08-06,"3,646,518"
2015-08-05,"3,652,320"
2015-08-04,"3,669,012"
2015-08-03,"3,724,434"
2015-07-31,"3,793,095"
2015-07-30,"3,849,575"
2015-07-29,"3,870,183"
2015-07-28,"3,913,949"
2015-07-27,"3,915,513"
2015-07-24,"3,903,319"
2015-07-23,"3,867,687"
2015-07-22,"3,843,115"
2015-07-21,"3,822,472"
2015-07-20,"3,797,707"
2015-07-17,"3,769,876"
2015-07-16,"3,775,366"
2015-07-15,"3,741,053"
2015-07-14,"3,720,929"
2015-07-13,"3,721,447"
2015-07-10,"3,702,252"
2015-07-09,"3,707,887"
2015-07-08,"3,734,488"
2015-07-07,"3,726,344"
2015-07-06,"3,709,058"
2015-07-03,"3,684,649"
2015-07-02,"3,660,851"
2015-07-01,"3,663,389"
2015-06-30,"3,695,605"
2015-06-29,"3,681,426"
2015-06-26,"3,658,196"
2015-06-25,"3,635,941"
2015-06-24,"3,639,580"
2015-06-23,"3,637,957"
2015-06-22,"3,616,597"
2015-06-19,"3,611,005"
2015-06-18,"3,604,451"
2015-06-17,"3,624,397"
2015-06-16,"3,664,506"
2015-06-15,"3,681,873"
2015-06-12,"3,683,638"
2015-06-11,"3,666,245"
2015-06-10,"3,649,362"
2015-06-09,"3,658,127"
2015-06-08,"3,665,874"
2015-06-05,"3,659,088"
2015-06-04,"3,692,528"
2015-06-03,"3,698,446"
2015-06-02,"3,694,226"
2015-06-01,"3,692,758"
2015-05-29,"3,698,536"
2015-05-28,"3,678,708"
2015-05-27,"3,664,502"
2015-05-26,"3,671,238"
2015-05-22,"3,644,813"
2015-05-21,"3,630,092"
2015-05-20,"3,599,844"
2015-05-19,"3,609,224"
2015-05-18,"3,578,280"
2015-05-15,"3,552,535"
2015-05-14,"3,536,999"
2015-05-13,"3,525,274"
2015-05-12,"3,516,264"
2015-05-11,"3,498,350"
2015-05-08,"3,459,081"
2015-05-07,"3,535,224"
2015-05-06,"3,507,056"
2015-05-04,"3,542,637"
2015-04-30,"3,524,147"
2015-04-29,"3,526,509"
2015-04-28,"3,509,095"
2015-04-27,"3,509,596"
2015-04-24,"3,481,935"
2015-04-23,"3,590,689"
2015-04-22,"3,492,738"
2015-04-21,"3,429,533"
2015-04-20,"3,409,496"
2015-04-17,"3,383,588"
2015-04-16,"3,332,089"
2015-04-15,"3,292,908"
2015-04-14,"3,237,083"
2015-04-13,"3,228,278"
2015-04-10,"3,184,517"
2015-04-09,"3,157,538"
2015-04-08,"3,147,134"
2015-04-07,"3,124,922"
2015-04-06,"3,114,072"
2015-04-03,"3,078,788"
2015-04-02,"3,039,809"
2015-04-01,"3,024,277"
2015-03-31,"2,990,018"
2015-03-30,"2,994,423"
2015-03-27,"2,979,829"
2015-03-26,"2,963,375"
2015-03-25,"2,954,233"
2015-03-24,"2,966,820"
2015-03-23,"2,955,457"
2015-03-20,"2,940,748"
2015-03-19,"2,917,346"
2015-03-18,"2,927,021"
2015-03-17,"2,913,090"
2015-03-16,"2,919,857"
2015-03-13,"2,897,533"
2015-03-12,"2,870,570"
2015-03-11,"2,879,136"
2015-03-10,"2,855,443"
2015-03-09,"2,847,963"
2015-03-06,"2,828,318"
2015-03-05,"2,793,993"
2015-03-04,"2,774,910"
2015-03-03,"2,735,223"
2015-03-02,"2,710,268"
2015-02-27,"2,722,202"
2015-02-26,"2,724,925"
2015-02-25,"2,718,266"
2015-02-24,"2,729,395"
2015-02-23,"2,735,552"
2015-02-17,"2,735,018"
2015-02-16,"2,762,029"
2015-02-13,"2,758,698"
2015-02-12,"2,763,681"
2015-02-11,"2,759,161"
2015-02-10,"2,761,703"
2015-02-09,"2,727,691"
2015-02-06,"2,694,248"
2015-02-05,"2,708,844"
2015-02-04,"2,703,550"
2015-02-03,"2,698,508"
2015-02-02,"2,671,386"
2015-01-30,"2,644,847"
2015-01-29,"2,626,772"
2015-01-28,"2,634,535"
2015-01-27,"2,615,567"
2015-01-26,"2,632,075"
2015-01-23,"2,640,100"
2015-01-22,"2,631,253"
2015-01-21,"2,631,318"
2015-01-20,"2,635,840"
2015-01-19,"2,612,596"
2015-01-16,"2,608,108"
2015-01-15,"2,582,133"
2015-01-14,"2,559,352"
2015-01-13,"2,563,327"
2015-01-12,"2,585,364"
2015-01-09,"2,580,842"
2015-01-08,"2,563,768"
2015-01-07,"2,540,969"
2015-01-06,"2,544,208"
2015-01-05,"2,534,490"
2015-01-02,"2,533,350"
2014-12-31,"2,540,645"
2014-12-30,"2,542,265"
2014-12-29,"2,553,582"
2014-12-26,"2,560,456"
2014-12-24,"2,574,651"
2014-12-23,"2,585,056"
2014-12-22,"2,597,016"
2014-12-19,"2,616,017"
2014-12-18,"2,643,817"
2014-12-17,"2,624,687"
2014-12-16,"2,619,968"
2014-12-15,"2,639,707"
2014-12-12,"2,616,539"
2014-12-11,"2,617,205"
2014-12-10,"2,604,238"
2014-12-09,"2,594,630"
2014-12-08,"2,598,865"
2014-12-05,"2,621,052"
2014-12-04,"2,630,338"
2014-12-03,"2,636,808"
2014-12-02,"2,634,985"
2014-12-01,"2,643,203"
2014-11-28,"2,617,645"
2014-11-27,"2,596,053"
2014-11-26,"2,611,885"
2014-11-25,"2,627,484"
2014-11-24,"2,624,444"
2014-11-21,"2,592,906"
2014-11-20,"2,582,026"
2014-11-19,"2,602,727"
2014-11-18,"2,595,115"
2014-11-17,"2,564,924"
2014-11-14,"2,550,920"
2014-11-13,"2,545,777"
2014-11-12,"2,554,750"
2014-11-11,"2,560,440"
2014-11-10,"2,572,081"
2014-11-07,"2,594,200"
2014-11-06,"2,614,543"
2014-11-05,"2,628,224"
2014-11-04,"2,638,196"
2014-11-03,"2,636,966"
2014-10-31,"2,622,119"
2014-10-30,"2,646,349"
2014-10-29,"2,619,001"
2014-10-28,"2,634,073"
2014-10-27,"2,623,971"
2014-10-24,"2,610,195"
2014-10-23,"2,618,383"
2014-10-22,"2,614,788"
2014-10-21,"2,636,177"
2014-10-20,"2,621,790"
2014-10-17,"2,636,961"
2014-10-16,"2,641,730"
2014-10-15,"2,644,516"
2014-10-14,"2,675,772"
2014-10-13,"2,682,797"
2014-10-10,"2,684,849"
2014-10-08,"2,699,049"
2014-10-07,"2,691,414"
2014-10-06,"2,698,426"
2014-10-02,"2,702,057"
2014-10-01,"2,716,728"
2014-09-30,"2,744,291"
2014-09-29,"2,756,027"
2014-09-26,"2,764,184"
2014-09-25,"2,770,102"
2014-09-24,"2,768,559"
2014-09-23,"2,759,774"
2014-09-22,"2,743,235"
2014-09-19,"2,698,003"
2014-09-18,"2,713,485"
2014-09-17,"2,724,592"
2014-09-16,"2,739,194"
2014-09-15,"2,746,291"
2014-09-12,"2,701,931"
2014-09-11,"2,704,792"
2014-09-05,"2,706,776"
2014-09-04,"2,691,704"
2014-09-03,"2,689,855"
2014-09-02,"2,682,396"
2014-09-01,"2,679,017"
2014-08-29,"2,686,520"
2014-08-28,"2,663,169"
2014-08-27,"2,674,004"
2014-08-26,"2,669,095"
2014-08-25,"2,678,037"
2014-08-22,"2,647,397"
2014-08-21,"2,644,636"
2014-08-20,"2,639,944"
2014-08-19,"2,617,965"
2014-08-18,"2,619,876"
2014-08-14,"2,641,037"
2014-08-13,"2,657,677"
2014-08-12,"2,654,243"
2014-08-11,"2,640,713"
2014-08-08,"2,620,354"
2014-08-07,"2,605,152"
2014-08-06,"2,576,323"
2014-08-05,"2,560,752"
2014-08-04,"2,583,710"
2014-08-01,"2,605,151"
2014-07-31,"2,629,891"
2014-07-30,"2,643,408"
2014-07-29,"2,635,975"
2014-07-28,"2,635,615"
2014-07-25,"2,620,747"
2014-07-24,"2,611,595"
2014-07-23,"2,602,974"
2014-07-22,"2,592,375"
2014-07-21,"2,583,534"
2014-07-18,"2,587,210"
2014-07-17,"2,585,025"
2014-07-16,"2,585,438"
2014-07-15,"2,578,508"
2014-07-14,"2,559,587"
2014-07-11,"2,540,911"
2014-07-10,"2,513,739"
2014-07-09,"2,498,201"
2014-07-08,"2,483,111"
2014-07-07,"2,480,395"
2014-07-04,"2,468,953"
2014-07-03,"2,474,227"
2014-07-02,"2,448,226"
2014-07-01,"2,478,076"
2014-06-30,"2,487,387"
2014-06-27,"2,509,794"
2014-06-26,"2,520,319"
2014-06-25,"2,545,109"
2014-06-24,"2,563,891"
2014-06-23,"2,537,757"
2014-06-20,"2,534,596"
2014-06-19,"2,525,007"
2014-06-18,"2,525,596"
2014-06-17,"2,523,531"
2014-06-16,"2,494,883"
2014-06-13,"2,474,479"
2014-06-12,"2,479,639"
2014-06-11,"2,487,841"
2014-06-10,"2,492,697"
2014-06-09,"2,497,732"
2014-06-05,"2,503,583"
2014-06-03,"2,527,056"
2014-06-02,"2,537,995"
2014-05-30,"2,531,605"
2014-05-29,"2,541,105"
2014-05-28,"2,531,050"
2014-05-27,"2,528,782"
2014-05-26,"2,530,477"
2014-05-23,"2,544,238"
2014-05-22,"2,541,424"
2014-05-21,"2,535,879"
2014-05-20,"2,528,745"
2014-05-19,"2,509,281"
2014-05-16,"2,515,210"
2014-05-15,"2,541,403"
2014-05-14,"2,569,487"
2014-05-13,"2,561,622"
2014-05-12,"2,568,396"
2014-05-09,"2,548,561"
2014-05-08,"2,532,823"
2014-05-07,"2,534,658"
2014-05-02,"2,550,083"
2014-04-30,"2,553,272"
2014-04-29,"2,550,774"
2014-04-28,"2,546,334"
2014-04-25,"2,536,832"
2014-04-24,"2,539,830"
2014-04-23,"2,540,512"
2014-04-22,"2,533,138"
2014-04-21,"2,551,418"
2014-04-18,"2,558,030"
2014-04-17,"2,533,278"
2014-04-16,"2,512,902"
2014-04-15,"2,508,710"
2014-04-14,"2,501,319"
2014-04-11,"2,510,326"
2014-04-10,"2,538,605"
2014-04-09,"2,525,760"
2014-04-08,"2,521,236"
2014-04-07,"2,525,613"
2014-04-04,"2,512,892"
2014-04-03,"2,511,213"
2014-04-02,"2,523,735"
2014-04-01,"2,540,671"
2014-03-31,"2,554,083"
2014-03-28,"2,566,145"
2014-03-27,"2,593,906"
2014-03-26,"2,607,842"
2014-03-25,"2,618,372"
2014-03-24,"2,620,333"
2014-03-21,"2,599,784"
2014-03-20,"2,610,453"
2014-03-19,"2,611,909"
2014-03-18,"2,621,690"
2014-03-17,"2,611,098"
2014-03-14,"2,579,854"
2014-03-13,"2,531,647"
2014-03-12,"2,507,277"
2014-03-11,"2,467,080"
2014-03-10,"2,465,027"
2014-03-07,"2,463,392"
2014-03-06,"2,460,322"
2014-03-05,"2,428,719"
2014-03-04,"2,417,619"
2014-03-03,"2,425,067"
2014-02-28,"2,433,875"
2014-02-27,"2,439,029"
2014-02-26,"2,445,548"
2014-02-25,"2,439,050"
2014-02-24,"2,447,774"
2014-02-21,"2,433,191"
2014-02-20,"2,418,607"
2014-02-19,"2,410,224"
2014-02-18,"2,408,725"
2014-02-17,"2,409,909"
2014-02-14,"2,407,095"
2014-02-13,"2,393,609"
2014-02-12,"2,386,995"
2014-02-11,"2,375,818"
2014-02-10,"2,380,229"
2014-02-07,"2,395,810"
2014-02-06,"2,420,252"
2014-02-05,"2,390,191"
2014-02-04,"2,357,296"
2014-02-03,"2,393,285"
2014-01-29,"2,409,653"
2014-01-28,"2,423,037"
2014-01-27,"2,420,666"
2014-01-24,"2,401,061"
2014-01-23,"2,413,734"
2014-01-22,"2,406,441"
2014-01-21,"2,408,561"
2014-01-20,"2,399,678"
2014-01-17,"2,407,382"
2014-01-16,"2,396,546"
2014-01-15,"2,391,343"
2014-01-14,"2,382,262"
2014-01-13,"2,357,622"
2014-01-10,"2,329,775"
2014-01-09,"2,330,594"
2014-01-08,"2,332,819"
2014-01-07,"2,334,332"
2014-01-06,"2,303,168"
2014-01-03,"2,268,402"
2014-01-02,"2,289,815"
2013-12-31,"2,299,693"
2013-12-30,"2,300,591"
2013-12-27,"2,337,103"
2013-12-26,"2,354,294"
2013-12-24,"2,350,628"
2013-12-23,"2,360,484"
2013-12-20,"2,386,133"
2013-12-19,"2,389,602"
2013-12-18,"2,412,273"
2013-12-17,"2,430,716"
2013-12-16,"2,432,354"
2013-12-13,"2,400,845"
2013-12-12,"2,403,088"
2013-12-11,"2,416,984"
2013-12-10,"2,435,055"
2013-12-09,"2,443,297"
2013-12-06,"2,425,456"
2013-12-05,"2,399,043"
2013-12-04,"2,386,329"
2013-12-03,"2,363,560"
2013-12-02,"2,371,078"
2013-11-29,"2,388,189"
2013-11-28,"2,383,537"
2013-11-27,"2,380,766"
2013-11-26,"2,388,534"
2013-11-25,"2,396,674"
2013-11-22,"2,385,126"
2013-11-21,"2,381,116"
2013-11-20,"2,411,943"
2013-11-19,"2,425,319"
2013-11-18,"2,430,633"
2013-11-15,"2,419,906"
2013-11-14,"2,414,240"
2013-11-13,"2,426,094"
2013-11-12,"2,455,848"
2013-11-11,"2,462,320"
2013-11-08,"2,450,993"
2013-11-07,"2,443,113"
2013-11-06,"2,428,661"
2013-11-05,"2,411,407"
2013-11-04,"2,419,438"
2013-11-01,"2,418,849"
2013-10-31,"2,417,033"
2013-10-30,"2,424,769"
2013-10-29,"2,409,515"
2013-10-28,"2,395,057"
2013-10-25,"2,380,292"
2013-10-24,"2,375,300"
2013-10-23,"2,363,348"
2013-10-22,"2,347,558"
2013-10-21,"2,334,829"
2013-10-18,"2,315,308"
2013-10-17,"2,308,500"
2013-10-16,"2,291,699"
2013-10-15,"2,279,126"
2013-10-14,"2,274,976"
2013-10-11,"2,240,777"
2013-10-10,"2,229,322"
2013-10-08,"2,233,172"
2013-10-07,"2,246,718"
2013-10-04,"2,244,435"
2013-10-02,"2,239,843"
2013-10-01,"2,248,788"
2013-09-30,"2,244,853"
2013-09-27,"2,228,138"
2013-09-26,"2,212,431"
2013-09-25,"2,212,126"
2013-09-24,"2,192,230"
2013-09-23,"2,186,857"
2013-09-17,"2,174,503"
2013-09-16,"2,169,837"
2013-09-13,"2,179,814"
2013-09-12,"2,170,579"
2013-09-11,"2,182,444"
2013-09-10,"2,182,572"
2013-09-09,"2,199,041"
2013-09-06,"2,219,199"
2013-09-05,"2,210,149"
2013-09-04,"2,225,482"
2013-09-03,"2,222,149"
2013-09-02,"2,265,950"
2013-08-30,"2,296,028"
2013-08-29,"2,315,655"
2013-08-28,"2,339,623"
2013-08-27,"2,371,495"
2013-08-26,"2,364,034"
2013-08-23,"2,371,801"
2013-08-22,"2,361,614"
2013-08-21,"2,383,811"
2013-08-20,"2,371,330"
2013-08-19,"2,388,150"
2013-08-16,"2,419,956"
2013-08-14,"2,454,469"
2013-08-13,"2,463,348"
2013-08-12,"2,466,720"
2013-08-09,"2,452,305"
2013-08-08,"2,434,198"
2013-08-07,"2,420,996"
2013-08-06,"2,426,209"
2013-08-05,"2,434,138"
2013-08-02,"2,423,982"
2013-08-01,"2,420,575"
2013-07-31,"2,427,121"
2013-07-30,"2,426,281"
2013-07-29,"2,428,177"
2013-07-26,"2,440,062"
2013-07-25,"2,451,863"
2013-07-24,"2,466,192"
2013-07-23,"2,469,382"
2013-07-22,"2,448,766"
2013-07-19,"2,421,284"
2013-07-18,"2,455,538"
2013-07-17,"2,440,908"
2013-07-16,"2,427,708"
2013-07-15,"2,425,035"
2013-07-12,"2,470,336"
2013-07-11,"2,474,532"
2013-07-10,"2,472,694"
2013-07-09,"2,490,151"
2013-07-08,"2,460,748"
2013-07-05,"2,464,783"
2013-07-04,"2,456,707"
2013-07-03,"2,443,343"
2013-07-02,"2,428,798"
2013-07-01,"2,470,309"
2013-06-28,"2,562,471"
2013-06-27,"2,484,648"
2013-06-26,"2,549,032"
2013-06-25,"2,577,276"
2013-06-24,"2,596,264"
2013-06-21,"2,611,041"
2013-06-20,"2,630,398"
2013-06-19,"2,637,526"
2013-06-18,"2,642,596"
2013-06-17,"2,667,328"
2013-06-14,"2,648,062"
2013-06-13,"2,638,619"
2013-06-12,"2,607,077"
2013-06-11,"2,599,154"
2013-06-10,"2,609,087"
2013-06-07,"2,623,297"
2013-06-05,"2,618,477"
2013-06-04,"2,604,120"
2013-06-03,"2,609,922"
2013-05-31,"2,610,344"
2013-05-30,"2,609,860"
2013-05-29,"2,604,151"
2013-05-28,"2,595,535"
2013-05-27,"2,575,270"
2013-05-24,"2,567,759"
2013-05-23,"2,559,617"
2013-05-22,"2,548,705"
2013-05-21,"2,535,541"
2013-05-20,"2,550,679"
2013-05-16,"2,550,745"
2013-05-15,"2,566,101"
2013-05-14,"2,565,104"
2013-05-13,"2,538,251"
2013-05-10,"2,564,622"
2013-05-09,"2,548,047"
2013-05-08,"2,524,008"
2013-05-07,"2,503,287"
2013-05-06,"2,495,620"
2013-05-03,"2,472,014"
2013-05-02,"2,486,549"
2013-04-30,"2,482,736"
2013-04-29,"2,473,120"
2013-04-26,"2,484,979"
2013-04-25,"2,488,033"
2013-04-24,"2,484,228"
2013-04-23,"2,488,601"
2013-04-22,"2,481,905"
2013-04-19,"2,482,301"
2013-04-18,"2,467,277"
2013-04-17,"2,441,246"
2013-04-16,"2,420,958"
2013-04-15,"2,398,898"
2013-04-12,"2,403,641"
2013-04-11,"2,400,145"
2013-04-10,"2,432,010"
2013-04-09,"2,438,873"
2013-04-08,"2,441,394"
2013-04-05,"2,457,033"
2013-04-04,"2,462,283"
2013-04-03,"2,455,048"
2013-04-02,"2,449,643"
2013-04-01,"2,457,015"
2013-03-29,"2,461,732"
2013-03-28,"2,471,865"
2013-03-27,"2,469,565"
2013-03-26,"2,459,611"
2013-03-25,"2,455,083"
2013-03-22,"2,437,372"
2013-03-21,"2,415,402"
2013-03-20,"2,405,007"
2013-03-19,"2,411,046"
2013-03-18,"2,379,844"
2013-03-15,"2,326,786"
2013-03-14,"2,305,893"
2013-03-13,"2,295,239"
2013-03-12,"2,306,770"
2013-03-11,"2,305,061"
2013-03-08,"2,292,127"
2013-03-07,"2,288,346"
2013-03-06,"2,261,732"
2013-03-05,"2,255,080"
2013-03-04,"2,273,048"
2013-02-28,"2,272,200"
2013-02-27,"2,269,045"
2013-02-26,"2,269,038"
2013-02-25,"2,274,053"
2013-02-22,"2,274,472"
2013-02-21,"2,291,530"
2013-02-20,"2,288,138"
2013-02-19,"2,286,059"
2013-02-18,"2,290,281"
2013-02-15,"2,299,623"
2013-02-14,"2,311,049"
2013-02-13,"2,320,216"
2013-02-12,"2,331,839"
2013-02-08,"2,335,235"
2013-02-07,"2,330,355"
2013-02-06,"2,333,027"
2013-02-05,"2,353,477"
2013-02-04,"2,363,179"
2013-02-01,"2,377,709"
2013-01-31,"2,394,656"
2013-01-30,"2,409,922"
2013-01-29,"2,393,288"
2013-01-28,"2,363,983"
2013-01-25,"2,356,585"
2013-01-24,"2,365,170"
2013-01-23,"2,352,181"
2013-01-22,"2,354,399"
2013-01-21,"2,354,790"
2013-01-18,"2,361,942"
2013-01-17,"2,351,186"
2013-01-16,"2,354,963"
2013-01-15,"2,333,169"
2013-01-14,"2,316,848"
2013-01-11,"2,291,609"
2013-01-10,"2,273,991"
2013-01-09,"2,260,200"
2013-01-08,"2,255,095"
2013-01-07,"2,229,950"
2013-01-04,"2,218,038"
2013-01-03,"2,210,954"
2013-01-02,"2,215,120"
2012-12-31,"2,191,871"
2012-12-28,"2,218,076"
2012-12-27,"2,238,920"
2012-12-26,"2,251,040"
2012-12-24,"2,272,624"
2012-12-21,"2,302,737"
2012-12-20,"2,320,976"
2012-12-18,"2,319,211"
2012-12-17,"2,293,809"
2012-12-14,"2,321,822"
2012-12-13,"2,344,365"
2012-12-12,"2,360,239"
2012-12-11,"2,364,075"
2012-12-10,"2,385,855"
2012-12-07,"2,413,644"
2012-12-06,"2,417,992"
2012-12-05,"2,434,290"
2012-12-04,"2,440,912"
2012-12-03,"2,475,052"
2012-11-30,"2,493,742"
2012-11-29,"2,491,949"
2012-11-28,"2,507,605"
2012-11-27,"2,523,980"
2012-11-26,"2,530,415"
2012-11-23,"2,531,095"
2012-11-22,"2,554,011"
2012-11-21,"2,561,232"
2012-11-20,"2,571,831"
2012-11-19,"2,601,610"
2012-11-16,"2,622,260"
2012-11-15,"2,604,585"
2012-11-14,"2,626,923"
2012-11-13,"2,635,810"
2012-11-12,"2,617,763"
2012-11-09,"2,581,272"
2012-11-08,"2,594,434"
2012-11-07,"2,601,178"
2012-11-06,"2,581,471"
2012-11-05,"2,567,558"
2012-11-02,"2,544,807"
2012-11-01,"2,550,714"
2012-10-31,"2,567,532"
2012-10-30,"2,600,346"
2012-10-29,"2,633,905"
2012-10-26,"2,623,243"
2012-10-25,"2,598,791"
2012-10-24,"2,581,540"
2012-10-23,"2,573,165"
2012-10-22,"2,578,093"
2012-10-19,"2,603,244"
2012-10-18,"2,625,544"
2012-10-17,"2,614,943"
2012-10-16,"2,614,465"
2012-10-15,"2,610,813"
2012-10-12,"2,570,579"
2012-10-11,"2,546,690"
2012-10-10,"2,540,343"
2012-10-09,"2,541,695"
2012-10-08,"2,552,902"
2012-10-05,"2,524,937"
2012-10-04,"2,526,899"
2012-10-02,"2,542,405"
2012-09-28,"2,517,373"
2012-09-27,"2,509,589"
2012-09-26,"2,493,075"
2012-09-25,"2,481,983"
2012-09-24,"2,459,773"
2012-09-21,"2,459,210"
2012-09-20,"2,410,617"
2012-09-19,"2,388,769"
2012-09-18,"2,373,514"
2012-09-17,"2,390,187"
2012-09-14,"2,367,155"
2012-09-13,"2,365,199"
2012-09-12,"2,358,374"
2012-09-11,"2,382,429"
2012-09-10,"2,413,114"
2012-09-07,"2,389,751"
2012-09-06,"2,352,583"
2012-09-05,"2,329,888"
2012-09-04,"2,319,112"
2012-09-03,"2,290,708"
2012-08-31,"2,273,974"
2012-08-30,"2,262,647"
2012-08-29,"2,249,703"
2012-08-28,"2,260,853"
2012-08-27,"2,246,705"
2012-08-24,"2,232,556"
2012-08-23,"2,214,085"
2012-08-22,"2,213,694"
2012-08-21,"2,195,708"
2012-08-20,"2,214,859"
2012-08-17,"2,223,761"
2012-08-16,"2,194,286"
2012-08-14,"2,212,815"
2012-08-13,"2,221,323"
2012-08-10,"2,296,124"
2012-08-09,"2,364,119"
2012-08-08,"2,377,574"
2012-08-07,"2,405,330"
2012-08-06,"2,385,316"
2012-08-03,"2,398,759"
2012-08-02,"2,412,851"
2012-08-01,"2,465,739"
2012-07-31,"2,520,233"
2012-07-30,"2,583,479"
2012-07-27,"2,585,703"
2012-07-26,"2,614,015"
2012-07-25,"2,602,622"
2012-07-24,"2,611,421"
2012-07-23,"2,628,053"
2012-07-20,"2,651,202"
2012-07-19,"2,675,019"
2012-07-18,"2,682,174"
2012-07-17,"2,706,367"
2012-07-16,"2,732,451"
2012-07-13,"2,703,897"
2012-07-12,"2,670,114"
2012-07-11,"2,649,215"
2012-07-10,"2,628,691"
2012-07-09,"2,612,760"
2012-07-06,"2,618,070"
2012-07-05,"2,628,706"
2012-07-04,"2,638,815"
2012-07-03,"2,669,321"
2012-07-02,"2,678,110"
2012-06-29,"2,694,797"
2012-06-28,"2,684,201"
2012-06-27,"2,655,748"
2012-06-26,"2,619,424"
2012-06-25,"2,551,947"
2012-06-22,"2,549,344"
2012-06-21,"2,562,198"
2012-06-20,"2,574,767"
2012-06-19,"2,600,141"
2012-06-18,"2,619,060"
2012-06-15,"2,652,819"
2012-06-14,"2,688,390"
2012-06-13,"2,677,962"
2012-06-12,"2,665,133"
2012-06-11,"2,692,419"
2012-06-08,"2,728,156"
2012-06-07,"2,750,405"
2012-06-05,"2,815,495"
2012-06-04,"2,815,357"
2012-06-01,"2,811,330"
2012-05-31,"2,835,096"
2012-05-30,"2,865,466"
2012-05-29,"2,876,803"
2012-05-25,"2,892,383"
2012-05-24,"2,929,492"
2012-05-23,"2,957,633"
2012-05-22,"2,970,184"
2012-05-21,"3,022,846"
2012-05-18,"3,024,144"
2012-05-17,"3,056,137"
2012-05-16,"3,076,614"
2012-05-15,"3,087,873"
2012-05-14,"3,120,242"
2012-05-11,"3,093,347"
2012-05-10,"3,096,151"
2012-05-09,"3,067,270"
2012-05-08,"3,057,719"
2012-05-07,"3,060,213"
2012-05-04,"3,074,439"
2012-05-03,"3,062,462"
2012-05-02,"3,083,628"
2012-04-30,"3,116,616"
2012-04-27,"3,198,765"
2012-04-26,"3,225,472"
2012-04-25,"3,221,519"
2012-04-24,"3,262,714"
2012-04-23,"3,278,796"
2012-04-20,"3,289,894"
2012-04-19,"3,274,750"
2012-04-18,"3,274,838"
2012-04-17,"3,248,322"
2012-04-16,"3,265,387"
2012-04-13,"3,258,595"
2012-04-12,"3,287,336"
2012-04-10,"3,336,163"
2012-04-09,"3,338,978"
2012-04-06,"3,309,193"
2012-04-05,"3,339,806"
2012-04-04,"3,374,708"
2012-04-03,"3,371,940"
2012-04-02,"3,386,262"
2012-03-30,"3,429,577"
2012-03-29,"3,465,879"
2012-03-28,"3,483,564"
2012-03-27,"3,497,551"
2012-03-26,"3,476,600"
2012-03-23,"3,506,569"
2012-03-22,"3,484,714"
2012-03-21,"3,467,005"
2012-03-20,"3,446,131"
2012-03-19,"3,423,047"
2012-03-16,"3,411,147"
2012-03-15,"3,439,854"
2012-03-14,"3,407,596"
2012-03-13,"3,389,044"
2012-03-12,"3,388,922"
2012-03-09,"3,359,798"
2012-03-08,"3,325,220"
2012-03-07,"3,295,958"
2012-03-06,"3,279,565"
2012-03-05,"3,291,616"
2012-03-02,"3,322,068"
2012-02-29,"3,307,324"
2012-02-28,"3,303,647"
2012-02-27,"3,308,150"
2012-02-24,"3,303,120"
2012-02-23,"3,265,881"
2012-02-22,"3,246,461"
2012-02-21,"3,228,243"
2012-02-20,"3,168,568"
2012-02-17,"3,154,812"
2012-02-16,"3,112,972"
2012-02-15,"3,082,569"
2012-02-14,"3,045,934"
2012-02-13,"3,026,595"
2012-02-10,"2,956,782"
2012-02-09,"2,907,406"
2012-02-08,"2,904,487"
2012-02-07,"2,896,313"
2012-02-06,"2,840,844"
2012-02-03,"2,832,027"
2012-02-02,"2,815,836"
2012-02-01,"2,786,742"
2012-01-31,"2,776,568"
2012-01-30,"2,762,225"
2012-01-27,"2,762,962"
2012-01-26,"2,765,868"
2012-01-25,"2,831,258"
2012-01-20,"2,864,190"
2012-01-19,"2,884,055"
2012-01-18,"2,899,670"
2012-01-17,"2,871,268"
2012-01-16,"2,880,624"
2012-01-13,"2,870,179"
2012-01-12,"2,886,936"
2012-01-11,"2,900,762"
2012-01-10,"2,856,518"
2012-01-09,"2,836,887"
2012-01-06,"2,838,736"
2012-01-05,"2,892,014"
2012-01-04,"2,929,316"
2012-01-03,"2,926,496"
2012-01-02,"2,944,083"
2011-12-30,"2,912,388"
2011-12-29,"2,947,102"
2011-12-28,"2,994,460"
2011-12-27,"2,987,437"
2011-12-26,"3,018,041"
2011-12-23,"3,019,206"
2011-12-22,"3,040,758"
2011-12-21,"3,028,011"
2011-12-20,"3,141,322"
2011-12-19,"3,125,112"
2011-12-16,"3,108,589"
2011-12-15,"3,094,707"
2011-12-14,"3,068,863"
2011-12-13,"3,048,802"
2011-12-12,"3,014,334"
2011-12-09,"2,989,865"
2011-12-08,"2,968,335"
2011-12-07,"2,987,934"
2011-12-06,"2,959,901"
2011-12-05,"2,968,954"
2011-12-02,"3,019,778"
2011-12-01,"3,042,872"
2011-11-30,"3,116,083"
2011-11-29,"3,102,991"
2011-11-28,"3,154,740"
2011-11-25,"3,164,625"
2011-11-24,"3,217,299"
2011-11-23,"3,167,739"
2011-11-22,"3,189,468"
2011-11-21,"3,159,635"
2011-11-18,"3,081,227"
2011-11-17,"3,105,593"
2011-11-16,"3,104,705"
2011-11-15,"3,128,602"
2011-11-14,"3,094,648"
2011-11-11,"3,089,942"
2011-11-10,"3,092,154"
2011-11-09,"3,132,618"
2011-11-08,"3,108,209"
2011-11-07,"3,089,258"
2011-11-04,"3,117,749"
2011-11-03,"3,070,286"
2011-11-02,"3,007,985"
2011-11-01,"2,977,461"
2011-10-31,"3,058,560"
2011-10-28,"3,038,024"
2011-10-27,"2,980,615"
2011-10-26,"3,008,415"
2011-10-25,"3,021,450"
2011-10-24,"2,984,065"
2011-10-21,"2,989,559"
2011-10-20,"2,981,550"
2011-10-19,"2,970,308"
2011-10-18,"2,947,427"
2011-10-17,"2,937,771"
2011-10-14,"2,946,109"
2011-10-13,"2,893,312"
2011-10-12,"2,959,426"
2011-10-11,"2,931,159"
2011-10-10,"3,006,478"
2011-10-07,"3,050,191"
2011-10-06,"3,118,980"
2011-10-05,"3,111,337"
2011-10-04,"3,121,159"
2011-09-30,"3,094,536"
2011-09-29,"3,151,373"
2011-09-28,"3,164,480"
2011-09-27,"3,401,059"
2011-09-26,"3,444,874"
2011-09-23,"3,435,688"
2011-09-22,"3,419,605"
2011-09-21,"3,400,285"
2011-09-20,"3,439,060"
2011-09-19,"3,481,255"
2011-09-16,"3,500,455"
2011-09-15,"3,556,559"
2011-09-14,"3,559,038"
2011-09-09,"3,653,241"
2011-09-08,"3,593,166"
2011-09-07,"3,594,904"
2011-09-06,"3,536,067"
2011-09-05,"3,487,613"
2011-09-02,"3,553,788"
2011-09-01,"3,560,474"
2011-08-31,"3,589,127"
2011-08-30,"3,591,862"
2011-08-29,"3,597,288"
2011-08-26,"3,629,491"
2011-08-25,"3,687,004"
2011-08-24,"3,720,652"
2011-08-23,"3,841,973"
2011-08-22,"3,997,419"
2011-08-19,"4,017,347"
2011-08-18,"4,029,597"
2011-08-17,"4,066,798"
2011-08-16,"4,151,504"
2011-08-12,"4,147,308"
2011-08-11,"4,158,400"
2011-08-10,"4,314,466"
2011-08-09,"4,593,730"
2011-08-08,"4,841,846"
2011-08-05,"4,908,035"
2011-08-04,"4,875,802"
2011-08-03,"4,845,748"
2011-08-02,"4,828,707"
2011-08-01,"4,862,960"
2011-07-29,"4,857,692"
2011-07-28,"4,869,198"
2011-07-27,"4,817,823"
2011-07-26,"4,836,330"
2011-07-25,"4,855,982"
2011-07-22,"4,866,375"
2011-07-21,"4,875,213"
2011-07-20,"4,838,849"
2011-07-19,"4,827,776"
2011-07-18,"4,814,364"
2011-07-15,"4,781,112"
2011-07-14,"4,719,046"
2011-07-13,"4,672,243"
2011-07-12,"4,668,352"
2011-07-11,"4,655,092"
2011-07-08,"4,684,565"
2011-07-07,"4,639,105"
2011-07-06,"4,657,899"
2011-07-05,"4,686,927"
2011-07-04,"4,729,259"
2011-07-01,"4,785,508"
2011-06-30,"4,822,675"
2011-06-29,"4,876,426"
2011-06-28,"4,832,077"
2011-06-27,"4,857,493"
2011-06-24,"4,835,682"
2011-06-23,"4,870,154"
2011-06-22,"4,888,705"
2011-06-21,"4,919,843"
2011-06-20,"4,949,561"
2011-06-17,"4,948,795"
2011-06-16,"4,991,691"
2011-06-15,"4,994,397"
2011-06-14,"5,057,615"
2011-06-13,"5,103,885"
2011-06-10,"5,014,787"
2011-06-09,"5,001,496"
2011-06-08,"4,993,271"
2011-06-07,"5,009,544"
2011-06-03,"4,995,780"
2011-06-02,"5,015,246"
2011-06-01,"5,081,765"
2011-05-31,"5,083,878"
2011-05-30,"5,121,764"
2011-05-27,"5,125,878"
2011-05-26,"5,210,403"
2011-05-25,"5,196,706"
2011-05-24,"5,223,904"
2011-05-23,"5,248,765"
2011-05-20,"5,311,540"
2011-05-19,"5,327,958"
2011-05-18,"5,309,080"
2011-05-17,"5,284,894"
2011-05-16,"5,292,365"
2011-05-13,"5,204,027"
2011-05-12,"5,232,711"
2011-05-11,"5,266,585"
2011-05-09,"5,250,257"
2011-05-06,"5,255,959"
2011-05-04,"5,250,400"
2011-05-03,"5,250,584"
2011-05-02,"5,276,055"
2011-04-29,"5,253,965"
2011-04-28,"5,253,969"
2011-04-27,"5,204,430"
2011-04-26,"5,139,379"
2011-04-25,"5,066,242"
2011-04-22,"5,077,416"
2011-04-21,"5,068,348"
2011-04-20,"5,004,247"
2011-04-19,"4,953,879"
2011-04-18,"4,875,093"
2011-04-15,"4,820,038"
2011-04-14,"4,777,570"
2011-04-13,"4,731,602"
2011-04-12,"4,685,864"
2011-04-11,"4,628,425"
2011-04-08,"4,575,672"
2011-04-07,"4,556,786"
2011-04-06,"4,542,506"
2011-04-05,"4,444,670"
2011-04-04,"4,471,522"
2011-04-01,"4,510,502"
2011-03-31,"4,546,277"
2011-03-30,"4,516,295"
2011-03-29,"4,471,346"
2011-03-28,"4,472,348"
2011-03-25,"4,462,384"
2011-03-24,"4,421,072"
2011-03-23,"4,415,966"
2011-03-22,"4,402,100"
2011-03-21,"4,441,118"
2011-03-18,"4,432,828"
2011-03-17,"4,443,796"
2011-03-16,"4,552,161"
2011-03-15,"4,608,789"
2011-03-14,"4,595,981"
2011-03-11,"4,530,264"
2011-03-10,"4,543,340"
2011-03-09,"4,520,948"
2011-03-08,"4,504,398"
2011-03-07,"4,602,845"
2011-03-04,"4,606,161"
2011-03-03,"4,602,155"
2011-03-02,"4,659,297"
2011-02-28,"4,676,706"
2011-02-25,"4,702,415"
2011-02-24,"4,713,484"
2011-02-23,"4,760,788"
2011-02-22,"4,747,170"
2011-02-21,"4,738,275"
2011-02-18,"4,788,870"
2011-02-17,"4,840,925"
2011-02-16,"4,852,153"
2011-02-15,"4,905,132"
2011-02-14,"4,936,241"
2011-02-11,"4,871,816"
2011-02-10,"4,844,787"
2011-02-09,"4,812,348"
2011-02-08,"4,809,923"
2011-02-07,"4,803,909"
2011-02-01,"4,791,628"
2011-01-31,"4,784,576"
2011-01-28,"4,743,068"
2011-01-27,"4,747,069"
2011-01-26,"4,807,930"
2011-01-25,"4,808,662"
2011-01-24,"4,813,655"
2011-01-21,"4,783,352"
2011-01-20,"4,741,372"
2011-01-19,"4,721,651"
2011-01-18,"4,697,204"
2011-01-17,"4,663,286"
2011-01-14,"4,579,984"
2011-01-13,"4,564,061"
2011-01-12,"4,528,432"
2011-01-11,"4,510,027"
2011-01-10,"4,464,928"
2011-01-07,"4,459,092"
2011-01-06,"4,449,676"
2011-01-05,"4,456,679"
2011-01-04,"4,468,568"
2011-01-03,"4,498,839"
2010-12-31,"4,497,878"
2010-12-30,"4,499,717"
2010-12-29,"4,528,042"
2010-12-28,"4,524,629"
2010-12-27,"4,535,705"
2010-12-24,"4,537,459"
2010-12-23,"4,521,651"
2010-12-22,"4,403,948"
2010-12-21,"4,467,644"
2010-12-20,"4,457,453"
2010-12-17,"4,434,227"
2010-12-16,"4,398,797"
2010-12-15,"4,379,303"
2010-12-14,"4,365,459"
2010-12-13,"4,318,773"
2010-12-10,"4,326,538"
2010-12-09,"4,326,086"
2010-12-08,"4,299,024"
2010-12-07,"4,252,897"
2010-12-06,"4,236,043"
2010-12-03,"4,233,756"
2010-12-02,"4,189,189"
2010-12-01,"4,196,704"
2010-11-30,"4,194,778"
2010-11-29,"4,297,314"
2010-11-26,"4,299,717"
2010-11-25,"4,364,192"
2010-11-24,"4,400,065"
2010-11-23,"4,361,684"
2010-11-22,"4,374,052"
2010-11-19,"4,348,711"
2010-11-18,"4,292,245"
2010-11-17,"4,302,561"
2010-11-16,"4,288,794"
2010-11-15,"4,372,656"
2010-11-12,"4,284,215"
2010-11-11,"4,263,902"
2010-11-10,"4,244,505"
2010-11-09,"4,226,896"
2010-11-08,"4,259,278"
2010-11-05,"4,246,677"
2010-11-04,"4,254,329"
2010-11-03,"4,226,472"
2010-11-02,"4,206,413"
2010-11-01,"4,185,786"
2010-10-29,"4,164,411"
2010-10-28,"4,116,223"
2010-10-27,"4,092,535"
2010-10-26,"4,071,984"
2010-10-25,"4,109,049"
2010-10-22,"4,100,341"
2010-10-21,"4,040,810"
2010-10-20,"4,044,490"
2010-10-19,"4,013,512"
2010-10-18,"3,985,806"
2010-10-15,"3,975,519"
2010-10-14,"3,961,987"
2010-10-13,"3,946,944"
2010-10-12,"3,929,328"
2010-10-11,"3,894,733"
2010-10-08,"3,876,079"
2010-10-07,"3,875,931"
2010-10-06,"3,841,588"
2010-10-05,"3,830,237"
2010-10-04,"3,821,017"
2010-10-01,"3,836,415"
2010-09-30,"3,828,654"
2010-09-29,"3,771,719"
2010-09-28,"3,745,662"
2010-09-27,"3,729,379"
2010-09-24,"3,721,405"
2010-09-20,"3,735,485"
2010-09-17,"3,761,294"
2010-09-16,"3,754,151"
2010-09-15,"3,747,519"
2010-09-14,"3,713,034"
2010-09-13,"3,733,088"
2010-09-10,"3,716,926"
2010-09-09,"3,689,379"
2010-09-08,"3,668,420"
2010-09-07,"3,634,206"
2010-09-06,"3,641,294"
2010-09-03,"3,669,074"
2010-09-02,"3,621,108"
2010-09-01,"3,653,639"
2010-08-31,"3,663,625"
2010-08-30,"3,661,692"
2010-08-27,"3,677,976"
2010-08-26,"3,673,954"
2010-08-25,"3,660,000"
2010-08-24,"3,645,600"
2010-08-23,"3,636,529"
2010-08-20,"3,661,542"
2010-08-19,"3,680,313"
2010-08-18,"3,674,348"
2010-08-17,"3,651,548"
2010-08-16,"3,618,967"
2010-08-13,"3,597,963"
2010-08-12,"3,595,646"
2010-08-11,"3,623,257"
2010-08-10,"3,632,497"
2010-08-09,"3,617,568"
2010-08-06,"3,621,386"
2010-08-05,"3,576,529"
2010-08-04,"3,597,244"
2010-08-03,"3,559,412"
2010-08-02,"3,569,551"
2010-07-30,"3,580,383"
2010-07-29,"3,568,310"
2010-07-28,"3,577,338"
2010-07-27,"3,572,842"
2010-07-26,"3,595,103"
2010-07-23,"3,600,284"
2010-07-22,"3,582,555"
2010-07-21,"3,542,296"
2010-07-20,"3,515,152"
2010-07-19,"3,509,790"
2010-07-16,"3,482,808"
2010-07-15,"3,490,958"
2010-07-14,"3,503,602"
2010-07-13,"3,526,999"
2010-07-12,"3,562,978"
2010-07-09,"3,566,739"
2010-07-08,"3,546,918"
2010-07-07,"3,542,530"
2010-07-06,"3,513,875"
2010-07-05,"3,456,515"
2010-07-02,"3,435,185"
2010-07-01,"3,396,827"
2010-06-30,"3,466,482"
2010-06-29,"3,438,075"
2010-06-28,"3,431,304"
2010-06-25,"3,434,758"
2010-06-24,"3,409,493"
2010-06-23,"3,378,974"
2010-06-22,"3,373,637"
2010-06-21,"3,360,592"
2010-06-18,"3,358,789"
2010-06-17,"3,383,663"
2010-06-16,"3,346,016"
2010-06-15,"3,378,836"
2010-06-14,"3,409,280"
2010-06-11,"3,372,975"
2010-06-10,"3,380,782"
2010-06-09,"3,316,361"
2010-06-08,"3,317,512"
2010-06-07,"3,313,967"
2010-06-04,"3,322,569"
2010-06-03,"3,343,531"
2010-06-01,"3,314,616"
2010-05-31,"3,360,943"
2010-05-28,"3,333,336"
2010-05-27,"3,315,149"
2010-05-26,"3,440,269"
2010-05-25,"3,479,243"
2010-05-24,"3,519,682"
2010-05-20,"3,501,457"
2010-05-19,"3,512,425"
2010-05-18,"3,514,197"
2010-05-17,"3,462,254"
2010-05-14,"3,453,302"
2010-05-13,"3,436,131"
2010-05-12,"3,486,644"
2010-05-11,"3,404,578"
2010-05-10,"3,434,544"
2010-05-07,"3,435,941"
2010-05-06,"3,415,945"
2010-05-04,"3,416,891"
2010-05-03,"3,413,875"
2010-04-30,"3,388,307"
2010-04-29,"3,354,039"
2010-04-28,"3,313,406"
2010-04-27,"3,304,126"
2010-04-26,"3,292,419"
2010-04-23,"3,272,429"
2010-04-22,"3,257,325"
2010-04-21,"3,217,158"
2010-04-20,"3,220,535"
2010-04-19,"3,210,329"
2010-04-16,"3,239,750"
2010-04-15,"3,219,241"
2010-04-14,"3,224,120"
2010-04-13,"3,229,328"
2010-04-12,"3,180,022"
2010-04-09,"3,168,370"
2010-04-08,"3,165,086"
2010-04-07,"3,165,297"
2010-04-06,"3,128,663"
2010-04-05,"3,090,934"
2010-04-02,"3,037,095"
2010-04-01,"3,025,078"
2010-03-31,"3,001,187"
2010-03-30,"3,012,091"
2010-03-29,"2,993,965"
2010-03-26,"2,974,591"
2010-03-25,"2,981,684"
2010-03-24,"2,963,998"
2010-03-23,"2,931,107"
2010-03-22,"2,944,273"
2010-03-19,"2,949,829"
2010-03-18,"2,982,214"
2010-03-17,"2,935,009"
2010-03-16,"2,941,480"
2010-03-15,"2,954,575"
2010-03-12,"2,945,638"
2010-03-11,"2,954,101"
2010-03-10,"2,947,729"
2010-03-09,"2,964,742"
2010-03-08,"2,975,616"
2010-03-05,"2,989,444"
2010-03-04,"3,011,143"
2010-03-03,"3,054,663"
2010-03-02,"3,037,926"
2010-02-26,"3,043,268"
2010-02-25,"3,029,853"
2010-02-24,"3,036,904"
2010-02-23,"3,047,057"
2010-02-22,"3,094,052"
2010-02-19,"3,104,073"
2010-02-18,"3,156,201"
2010-02-17,"3,182,477"
2010-02-16,"3,161,645"
2010-02-12,"3,175,325"
2010-02-11,"3,178,756"
2010-02-10,"3,169,673"
2010-02-09,"3,189,366"
2010-02-08,"3,283,685"
2010-02-05,"3,276,600"
2010-02-04,"3,270,067"
2010-02-03,"3,276,485"
2010-02-02,"3,258,617"
2010-02-01,"3,338,598"
2010-01-29,"3,352,534"
2010-01-28,"3,358,236"
2010-01-27,"3,405,052"
2010-01-26,"3,405,311"
2010-01-25,"3,388,170"
2010-01-22,"3,363,738"
2010-01-21,"3,363,007"
2010-01-20,"3,335,596"
2010-01-19,"3,291,890"
2010-01-18,"3,269,669"
2010-01-15,"3,245,227"
2010-01-14,"3,212,730"
2010-01-13,"3,226,653"
2010-01-12,"3,205,206"
2010-01-11,"3,136,682"
2010-01-08,"3,125,529"
2010-01-07,"3,132,712"
2010-01-06,"3,148,767"
2010-01-05,"3,158,116"
2010-01-04,"3,207,851"
2009-12-31,"3,206,115"
2009-12-30,"3,207,964"
2009-12-29,"3,196,482"
2009-12-28,"3,225,201"
2009-12-24,"3,251,959"
2009-12-23,"3,274,819"
2009-12-22,"3,273,418"
2009-12-21,"3,247,334"
2009-12-18,"3,243,216"
2009-12-17,"3,239,311"
2009-12-16,"3,221,038"
2009-12-15,"3,168,926"
2009-12-14,"3,123,112"
2009-12-11,"3,132,205"
2009-12-10,"3,122,363"
2009-12-09,"3,119,608"
2009-12-08,"3,119,832"
2009-12-07,"3,142,346"
2009-12-04,"3,168,653"
2009-12-03,"3,188,506"
2009-12-02,"3,215,388"
2009-12-01,"3,214,056"
2009-11-30,"3,283,074"
2009-11-27,"3,302,972"
2009-11-26,"3,291,371"
2009-11-25,"3,288,642"
2009-11-24,"3,271,977"
2009-11-23,"3,250,130"
2009-11-20,"3,294,594"
2009-11-19,"3,288,512"
2009-11-18,"3,315,674"
2009-11-17,"3,309,701"
2009-11-16,"3,340,072"
2009-11-13,"3,309,864"
2009-11-12,"3,298,127"
2009-11-11,"3,334,036"
2009-11-10,"3,364,372"
2009-11-09,"3,381,292"
2009-11-06,"3,412,502"
2009-11-05,"3,414,598"
2009-11-04,"3,423,635"
2009-11-03,"3,488,016"
2009-11-02,"3,494,482"
2009-10-30,"3,476,398"
2009-10-29,"3,522,460"
2009-10-28,"3,509,777"
2009-10-27,"3,548,463"
2009-10-26,"3,562,508"
2009-10-23,"3,572,619"
2009-10-22,"3,586,944"
2009-10-21,"3,596,679"
2009-10-20,"3,569,084"
2009-10-19,"3,581,628"
2009-10-16,"3,610,150"
2009-10-15,"3,601,920"
2009-10-14,"3,569,114"
2009-10-13,"3,556,743"
2009-10-12,"3,597,881"
2009-10-09,"3,541,891"
2009-10-08,"3,584,330"
2009-10-07,"3,618,994"
2009-10-06,"3,578,309"
2009-10-05,"3,602,192"
2009-10-01,"3,672,556"
2009-09-30,"3,680,152"
2009-09-29,"3,657,140"
2009-09-28,"3,594,062"
2009-09-25,"3,598,856"
2009-09-24,"3,557,589"
2009-09-23,"3,515,137"
2009-09-22,"3,504,658"
2009-09-21,"3,496,853"
2009-09-18,"3,480,510"
2009-09-17,"3,526,355"
2009-09-16,"3,480,939"
2009-09-15,"3,486,006"
2009-09-14,"3,485,813"
2009-09-11,"3,527,284"
2009-09-10,"3,505,379"
2009-09-09,"3,467,973"
2009-09-08,"3,440,754"
2009-09-07,"3,419,626"
2009-09-04,"3,405,394"
2009-09-03,"3,377,786"
2009-09-02,"3,311,770"
2009-09-01,"3,310,897"
2009-08-31,"3,307,293"
2009-08-28,"3,329,418"
2009-08-27,"3,283,358"
2009-08-26,"3,267,580"
2009-08-25,"3,182,716"
2009-08-24,"3,143,934"
2009-08-21,"3,113,719"
2009-08-20,"3,100,464"
2009-08-19,"3,078,749"
2009-08-18,"3,065,751"
2009-08-17,"3,060,470"
2009-08-14,"3,004,820"
2009-08-13,"2,949,283"
2009-08-12,"2,929,425"
2009-08-11,"2,926,916"
2009-08-10,"2,904,954"
2009-08-07,"2,878,179"
2009-08-06,"2,871,622"
2009-08-05,"2,881,063"
2009-08-04,"2,850,498"
2009-08-03,"2,860,759"
2009-07-31,"2,815,911"
2009-07-30,"2,785,711"
2009-07-29,"2,792,602"
2009-07-28,"2,776,239"
2009-07-27,"2,816,275"
2009-07-24,"2,820,807"
2009-07-23,"2,797,832"
2009-07-22,"2,799,582"
2009-07-21,"2,816,554"
2009-07-20,"2,819,479"
2009-07-17,"2,866,271"
2009-07-16,"2,859,498"
2009-07-15,"2,855,675"
2009-07-14,"2,938,053"
2009-07-13,"2,963,071"
2009-07-10,"2,941,666"
2009-07-09,"2,922,394"
2009-07-08,"2,891,771"
2009-07-07,"2,895,983"
2009-07-06,"2,908,013"
2009-07-03,"2,899,707"
2009-07-02,"2,889,398"
2009-07-01,"2,933,441"
2009-06-30,"2,956,740"
2009-06-29,"2,986,517"
2009-06-26,"3,004,019"
2009-06-25,"2,993,349"
2009-06-24,"3,037,217"
2009-06-23,"3,040,805"
2009-06-22,"3,035,863"
2009-06-19,"3,045,398"
2009-06-18,"3,019,146"
2009-06-17,"2,995,478"
2009-06-16,"2,977,451"
2009-06-15,"2,966,244"
2009-06-12,"2,984,120"
2009-06-11,"3,005,113"
2009-06-10,"2,986,361"
2009-06-09,"2,988,988"
2009-06-08,"2,944,683"
2009-06-05,"2,945,237"
2009-06-04,"2,893,965"
2009-06-03,"2,889,613"
2009-06-02,"2,857,983"
2009-06-01,"2,868,159"
2009-05-29,"2,881,012"
2009-05-28,"2,909,362"
2009-05-27,"2,884,378"
2009-05-26,"2,884,899"
2009-05-25,"2,848,676"
2009-05-22,"2,854,761"
2009-05-21,"2,853,016"
2009-05-20,"2,814,117"
2009-05-19,"2,788,921"
2009-05-18,"2,789,894"
2009-05-15,"2,731,301"
2009-05-14,"2,692,779"
2009-05-13,"2,687,039"
2009-05-12,"2,680,344"
2009-05-11,"2,635,355"
2009-05-08,"2,596,752"
2009-05-07,"2,564,275"
2009-05-06,"2,486,129"
2009-05-04,"2,497,031"
2009-04-30,"2,488,703"
2009-04-29,"2,496,149"
2009-04-28,"2,486,332"
2009-04-27,"2,478,825"
2009-04-24,"2,440,948"
2009-04-23,"2,376,213"
2009-04-22,"2,326,607"
2009-04-21,"2,272,310"
2009-04-20,"2,253,109"
2009-04-17,"2,194,271"
2009-04-16,"2,147,942"
2009-04-15,"2,078,190"
2009-04-14,"2,028,792"
2009-04-13,"1,968,170"
2009-04-10,"1,875,654"
2009-04-09,"1,815,044"
2009-04-08,"1,767,124"
2009-04-07,"1,692,653"
2009-04-06,"1,722,423"
2009-04-03,"1,692,461"
2009-04-02,"1,703,376"
2009-04-01,"1,643,189"
2009-03-31,"1,624,975"
2009-03-30,"1,542,087"
2009-03-27,"1,514,240"
2009-03-26,"1,445,070"
2009-03-25,"1,458,464"
2009-03-24,"1,422,469"
2009-03-23,"1,419,748"
2009-03-20,"1,476,582"
2009-03-19,"1,487,444"
2009-03-18,"1,476,852"
2009-03-17,"1,464,510"
2009-03-16,"1,403,259"
2009-03-13,"1,430,688"
2009-03-12,"1,472,061"
2009-03-11,"1,459,552"
2009-03-10,"1,464,559"
2009-03-09,"1,428,567"
2009-03-06,"1,450,377"
2009-03-05,"1,431,974"
2009-03-04,"1,436,497"
2009-03-03,"1,448,201"
2009-03-02,"1,463,551"
2009-02-27,"1,477,999"
2009-02-26,"1,480,324"
2009-02-25,"1,493,851"
2009-02-24,"1,470,900"
2009-02-23,"1,521,919"
2009-02-20,"1,501,457"
2009-02-19,"1,439,703"
2009-02-18,"1,472,451"
2009-02-17,"1,470,637"
2009-02-16,"1,439,423"
2009-02-13,"1,401,675"
2009-02-12,"1,369,256"
2009-02-11,"1,342,830"
2009-02-10,"1,345,372"
2009-02-09,"1,277,154"
2009-02-06,"1,291,941"
2009-02-05,"1,285,126"
2009-02-04,"1,259,604"
2009-02-03,"1,244,175"
2009-02-02,"1,232,763"
2009-01-30,"1,282,240"
2009-01-29,"1,295,265"
2009-01-28,"1,304,011"
2009-01-23,"1,287,520"
2009-01-22,"1,276,915"
2009-01-21,"1,288,988"
2009-01-20,"1,280,762"
2009-01-19,"1,245,722"
2009-01-16,"1,300,988"
2009-01-15,"1,288,784"
2009-01-14,"1,243,588"
2009-01-13,"1,238,471"
2009-01-12,"1,214,963"
2009-01-09,"1,161,858"
2009-01-08,"1,165,253"
2009-01-07,"1,167,549"
2009-01-06,"1,172,325"
2009-01-05,"1,147,489"
2009-01-02,"1,195,185"
2008-12-31,"1,218,523"
2008-12-30,"1,219,003"
2008-12-29,"1,236,629"
2008-12-26,"1,235,168"
2008-12-24,"1,233,898"
2008-12-23,"1,217,573"
2008-12-22,"1,218,793"
2008-12-19,"1,195,286"
2008-12-18,"1,189,068"
2008-12-17,"1,152,322"
2008-12-16,"1,075,736"
2008-12-15,"1,057,981"
2008-12-12,"1,089,007"
2008-12-11,"1,061,970"
2008-12-10,"1,087,396"
2008-12-09,"1,041,828"
2008-12-08,"1,031,133"
2008-12-05,"1,036,676"
2008-12-04,"998,636"
2008-12-03,"988,314"
2008-12-02,"968,627"
2008-12-01,"1,004,644"
2008-11-28,"1,007,206"
2008-11-27,"980,301"
2008-11-26,"997,357"
2008-11-25,"1,009,957"
2008-11-24,"983,634"
2008-11-21,"1,075,351"
2008-11-20,"1,081,285"
2008-11-19,"1,101,271"
2008-11-18,"1,085,934"
2008-11-17,"1,030,190"
2008-11-14,"1,046,709"
2008-11-13,"1,024,080"
2008-11-12,"1,046,079"
2008-11-11,"1,016,768"
2008-11-10,"958,381"
2008-11-07,"982,410"
2008-11-06,"1,005,148"
2008-11-05,"949,052"
2008-11-04,"900,825"
2008-11-03,"944,671"
2008-10-31,"875,114"
2008-10-30,"951,710"
2008-10-29,"972,274"
2008-10-28,"1,167,837"
2008-10-27,"1,369,152"
2008-10-24,"1,456,783"
2008-10-23,"1,509,430"
2008-10-22,"1,558,719"
2008-10-21,"1,615,066"
2008-10-20,"1,623,382"
2008-10-17,"1,684,844"
2008-10-16,"1,652,134"
2008-10-15,"1,673,533"
2008-10-14,"1,654,115"
2008-10-13,"1,715,612"
2008-10-10,"1,739,547"
2008-10-09,"1,824,034"
2008-10-08,"1,805,563"
2008-10-07,"1,836,425"
2008-10-06,"1,835,608"
2008-10-02,"1,804,780"
2008-10-01,"1,833,823"
2008-09-30,"1,793,676"
2008-09-29,"1,814,931"
2008-09-26,"1,774,013"
2008-09-25,"1,729,681"
2008-09-24,"1,679,065"
2008-09-23,"1,753,334"
2008-09-22,"1,768,294"
2008-09-19,"1,742,753"
2008-09-18,"1,708,593"
2008-09-17,"1,805,565"
2008-09-16,"1,809,600"
2008-09-12,"1,763,865"
2008-09-11,"1,728,106"
2008-09-10,"1,713,403"
2008-09-09,"1,694,837"
2008-09-08,"1,701,920"
2008-09-05,"1,698,032"
2008-09-04,"1,733,694"
2008-09-03,"1,871,727"
2008-09-02,"2,000,057"
2008-09-01,"2,061,199"
2008-08-29,"2,098,390"
2008-08-28,"2,137,425"
2008-08-27,"2,179,439"
2008-08-26,"2,223,758"
2008-08-25,"2,273,605"
2008-08-22,"2,337,775"
2008-08-21,"2,317,578"
2008-08-20,"2,325,218"
2008-08-19,"2,342,970"
2008-08-18,"2,334,360"
2008-08-14,"2,326,655"
2008-08-13,"2,358,902"
2008-08-12,"2,395,611"
2008-08-11,"2,389,118"
2008-08-08,"2,409,013"
2008-08-07,"2,416,012"
2008-08-06,"2,446,205"
2008-08-05,"2,444,546"
2008-08-04,"2,456,463"
2008-08-01,"2,469,205"
2008-07-31,"2,468,153"
2008-07-30,"2,457,349"
2008-07-29,"2,428,195"
2008-07-28,"2,421,011"
2008-07-25,"2,453,908"
2008-07-24,"2,449,588"
2008-07-23,"2,464,366"
2008-07-22,"2,485,952"
2008-07-21,"2,523,137"
2008-07-18,"2,519,877"
2008-07-17,"2,506,870"
2008-07-16,"2,541,130"
2008-07-15,"2,528,774"
2008-07-14,"2,526,827"
2008-07-11,"2,551,100"
2008-07-10,"2,603,257"
2008-07-09,"2,708,819"
2008-07-08,"2,749,228"
2008-07-07,"2,806,491"
2008-07-04,"2,879,925"
2008-07-03,"2,998,629"
2008-07-02,"3,051,553"
2008-07-01,"3,124,499"
2008-06-30,"3,174,399"
2008-06-27,"3,212,766"
2008-06-26,"3,210,588"
2008-06-25,"3,212,300"
2008-06-24,"3,218,516"
2008-06-23,"3,215,755"
2008-06-20,"3,216,823"
2008-06-19,"3,220,093"
2008-06-18,"3,226,292"
2008-06-17,"3,244,792"
2008-06-16,"3,282,496"
2008-06-13,"3,250,466"
2008-06-12,"3,211,065"
2008-06-11,"3,235,531"
2008-06-10,"3,246,690"
2008-06-09,"3,233,612"
2008-06-05,"3,211,297"
2008-06-04,"3,202,566"
2008-06-03,"3,185,002"
2008-06-02,"3,182,219"
2008-05-30,"3,227,681"
2008-05-29,"3,253,383"
2008-05-28,"3,244,794"
2008-05-27,"3,250,291"
2008-05-26,"3,256,000"
2008-05-23,"3,193,552"
2008-05-22,"3,192,921"
2008-05-21,"3,155,199"
2008-05-20,"3,115,153"
2008-05-19,"3,098,438"
2008-05-16,"3,115,269"
2008-05-15,"3,089,231"
2008-05-14,"3,087,199"
2008-05-13,"3,045,678"
2008-05-09,"2,998,322"
2008-05-08,"3,002,085"
2008-05-07,"2,992,656"
2008-05-06,"2,993,734"
2008-05-02,"2,970,588"
2008-04-30,"2,972,783"
2008-04-29,"2,951,464"
2008-04-28,"2,936,738"
2008-04-25,"2,924,474"
2008-04-24,"2,880,750"
2008-04-23,"2,837,362"
2008-04-22,"2,832,460"
2008-04-21,"2,806,005"
2008-04-18,"2,832,534"
2008-04-17,"2,825,183"
2008-04-16,"2,804,428"
2008-04-15,"2,809,201"
2008-04-14,"2,782,487"
2008-04-11,"2,757,390"
2008-04-10,"2,732,019"
2008-04-08,"2,762,261"
2008-04-07,"2,752,237"
2008-04-04,"2,730,016"
2008-04-03,"2,742,603"
2008-04-02,"2,729,032"
2008-04-01,"2,711,993"
2008-03-31,"2,728,847"
2008-03-28,"2,697,671"
2008-03-27,"2,665,644"
2008-03-26,"2,701,762"
2008-03-25,"2,713,819"
2008-03-24,"2,691,106"
2008-03-21,"2,660,615"
2008-03-20,"2,687,976"
2008-03-19,"2,672,226"
2008-03-18,"2,698,744"
2008-03-17,"2,717,087"
2008-03-14,"2,717,587"
2008-03-13,"2,748,241"
2008-03-12,"2,713,707"
2008-03-11,"2,794,420"
2008-03-10,"2,780,957"
2008-03-07,"2,793,887"
2008-03-06,"2,782,057"
2008-03-05,"2,751,475"
2008-03-04,"2,780,298"
2008-03-03,"2,752,445"
2008-02-29,"2,749,266"
2008-02-28,"2,758,625"
2008-02-27,"2,776,117"
2008-02-26,"2,785,491"
2008-02-25,"2,750,826"
2008-02-22,"2,724,828"
2008-02-21,"2,707,536"
2008-02-20,"2,675,951"
2008-02-19,"2,661,075"
2008-02-18,"2,634,517"
2008-02-15,"2,657,260"
2008-02-14,"2,665,348"
2008-02-13,"2,632,098"
2008-02-12,"2,625,616"
2008-02-11,"2,636,894"
2008-02-05,"2,667,830"
2008-02-04,"2,679,387"
2008-02-01,"2,761,182"
2008-01-31,"2,873,820"
2008-01-30,"2,892,012"
2008-01-29,"2,936,892"
2008-01-28,"2,982,271"
2008-01-25,"2,988,618"
2008-01-24,"3,019,520"
2008-01-23,"3,196,404"
2008-01-22,"3,256,798"
2008-01-21,"3,220,415"
2008-01-18,"3,221,921"
2008-01-17,"3,274,685"
2008-01-16,"3,352,416"
2008-01-15,"3,403,565"
2008-01-14,"3,473,227"
2008-01-11,"3,452,258"
2008-01-10,"3,438,025"
2008-01-09,"3,459,332"
2008-01-08,"3,490,999"
2008-01-07,"3,510,572"
2008-01-04,"3,512,977"
2008-01-03,"3,547,533"
2008-01-02,"3,566,371"
2007-12-31,"3,586,266"
2007-12-28,"3,587,331"
2007-12-27,"3,599,854"
2007-12-26,"3,598,237"
2007-12-24,"3,625,887"
2007-12-21,"3,638,263"
2007-12-20,"3,613,160"
2007-12-18,"3,652,959"
2007-12-17,"3,641,606"
2007-12-14,"3,583,448"
2007-12-13,"3,565,139"
2007-12-12,"3,551,741"
2007-12-11,"3,575,917"
2007-12-10,"3,593,619"
2007-12-07,"3,608,812"
2007-12-06,"3,550,444"
2007-12-05,"3,496,100"
2007-12-04,"3,484,006"
2007-12-03,"3,480,669"
2007-11-30,"3,502,460"
2007-11-29,"3,478,036"
2007-11-28,"3,504,805"
2007-11-27,"3,486,653"
2007-11-26,"3,635,073"
2007-11-23,"3,712,601"
2007-11-22,"3,793,455"
2007-11-21,"3,787,128"
2007-11-20,"3,804,325"
2007-11-19,"3,816,573"
2007-11-16,"3,847,875"
2007-11-15,"3,840,215"
2007-11-14,"3,837,462"
2007-11-13,"3,880,281"
2007-11-12,"3,874,428"
2007-11-09,"3,866,785"
2007-11-08,"3,895,175"
2007-11-07,"3,832,897"
2007-11-06,"3,813,465"
2007-11-05,"3,782,535"
2007-11-02,"3,777,130"
2007-11-01,"3,743,865"
2007-10-31,"3,729,317"
2007-10-30,"3,657,451"
2007-10-29,"3,608,833"
2007-10-26,"3,573,960"
2007-10-25,"3,651,469"
2007-10-24,"3,611,563"
2007-10-23,"3,701,971"
2007-10-22,"3,670,345"
2007-10-19,"3,632,823"
2007-10-18,"3,592,888"
2007-10-17,"3,562,841"
2007-10-16,"3,524,391"
2007-10-15,"3,495,001"
2007-10-12,"3,431,104"
2007-10-11,"3,416,160"
2007-10-10,"3,389,413"
2007-10-09,"3,354,689"
2007-10-08,"3,323,731"
2007-10-05,"3,233,818"
2007-10-04,"3,236,871"
2007-10-02,"3,213,991"
2007-10-01,"3,210,629"
2007-09-28,"3,210,605"
2007-09-27,"3,147,043"
2007-09-21,"3,170,534"
2007-09-20,"3,167,631"
2007-09-19,"3,179,429"
2007-09-18,"3,167,681"
2007-09-17,"3,171,342"
2007-09-14,"3,194,774"
2007-09-13,"3,229,146"
2007-09-12,"3,222,769"
2007-09-11,"3,235,799"
2007-09-10,"3,242,286"
2007-09-07,"3,224,536"
2007-09-06,"3,218,163"
2007-09-05,"3,244,713"
2007-09-04,"3,228,622"
2007-09-03,"3,232,189"
2007-08-31,"3,217,283"
2007-08-30,"3,191,453"
2007-08-29,"3,192,898"
2007-08-28,"3,199,921"
2007-08-27,"3,179,627"
2007-08-24,"3,200,425"
2007-08-23,"3,163,107"
2007-08-22,"3,162,603"
2007-08-21,"3,114,287"
2007-08-20,"3,214,194"
2007-08-17,"3,472,316"
2007-08-16,"3,557,363"
2007-08-14,"3,586,281"
2007-08-13,"3,665,581"
2007-08-10,"3,692,250"
2007-08-09,"3,711,373"
2007-08-08,"3,714,268"
2007-08-07,"3,726,218"
2007-08-06,"3,711,462"
2007-08-03,"3,759,053"
2007-08-02,"3,838,719"
2007-08-01,"3,876,959"
2007-07-31,"3,922,374"
2007-07-30,"4,016,884"
2007-07-27,"4,095,639"
2007-07-26,"4,111,323"
2007-07-25,"4,208,560"
2007-07-24,"4,252,423"
2007-07-23,"4,270,455"
2007-07-20,"4,227,292"
2007-07-19,"4,186,351"
2007-07-18,"4,142,476"
2007-07-16,"4,142,348"
2007-07-13,"4,143,834"
2007-07-12,"4,143,367"
2007-07-11,"4,131,359"
2007-07-10,"4,154,475"
2007-07-09,"4,141,072"
2007-07-06,"4,178,741"
2007-07-05,"4,186,372"
2007-07-04,"4,249,306"
2007-07-03,"4,296,813"
2007-07-02,"4,402,875"
2007-06-29,"4,456,938"
2007-06-28,"4,555,116"
2007-06-27,"4,610,742"
2007-06-26,"4,686,736"
2007-06-25,"4,698,390"
2007-06-22,"4,666,773"
2007-06-21,"4,615,660"
2007-06-20,"4,477,248"
2007-06-19,"4,310,903"
2007-06-18,"4,183,517"
2007-06-15,"4,178,865"
2007-06-14,"4,100,192"
2007-06-13,"4,044,790"
2007-06-12,"3,988,718"
2007-06-11,"3,897,351"
2007-06-08,"3,703,331"
2007-06-07,"3,573,015"
2007-06-05,"3,468,669"
2007-06-04,"3,420,550"
2007-06-01,"3,313,372"
2007-05-31,"3,151,371"
2007-05-30,"3,092,438"
2007-05-29,"2,997,149"
2007-05-28,"2,912,106"
2007-05-25,"2,888,106"
2007-05-23,"2,818,600"
2007-05-22,"2,759,841"
2007-05-21,"2,710,113"
2007-05-18,"2,653,585"
2007-05-17,"2,601,596"
2007-05-16,"2,602,260"
2007-05-15,"2,531,645"
2007-05-14,"2,416,714"
2007-05-11,"2,344,344"
2007-05-10,"2,246,096"
2007-05-09,"2,176,528"
2007-05-08,"2,075,835"
2007-05-07,"1,997,112"
2007-05-04,"1,925,212"
2007-05-03,"1,840,862"
2007-05-02,"1,780,079"
2007-04-30,"1,718,629"
2007-04-27,"1,637,822"
2007-04-26,"1,535,709"
2007-04-25,"1,450,813"
2007-04-24,"1,403,729"
2007-04-23,"1,351,711"
2007-04-20,"1,314,408"
2007-04-19,"1,284,083"
2007-04-18,"1,243,248"
2007-04-17,"1,205,380"
2007-04-16,"1,175,458"
2007-04-13,"1,149,134"
2007-04-12,"1,120,655"
2007-04-11,"1,067,293"
2007-04-10,"1,017,373"
2007-04-09,"970,537"
2007-04-06,"951,228"
2007-04-05,"935,554"
2007-04-04,"897,251"
2007-04-03,"864,518"
2007-04-02,"827,584"
2007-03-30,"798,858"
2007-03-29,"764,928"
2007-03-28,"736,916"
2007-03-27,"713,699"
2007-03-26,"696,327"
2007-03-23,"676,912"
2007-03-22,"664,592"
2007-03-21,"634,519"
2007-03-20,"612,377"
2007-03-19,"602,696"
2007-03-16,"590,043"
2007-03-15,"594,478"
2007-03-14,"579,591"
2007-03-13,"567,373"
2007-03-12,"560,055"
2007-03-09,"554,253"
2007-03-08,"545,715"
2007-03-07,"532,840"
2007-03-06,"530,145"
2007-03-05,"517,528"
2007-03-02,"516,715"
2007-02-28,"503,769"
2007-02-27,"486,540"
2007-02-26,"472,642"
2007-02-23,"461,738"
2007-02-22,"450,069"
2007-02-21,"437,846"
2007-02-20,"421,504"
2007-02-16,"405,115"
2007-02-15,"393,808"
2007-02-14,"381,309"
2007-02-13,"372,856"
2007-02-12,"363,732"
2007-02-09,"349,906"
2007-02-08,"336,641"
2007-02-07,"314,333"
2007-02-06,"305,650"
2007-02-05,"301,610"
2007-02-02,"306,280"
2007-02-01,"308,012"
2007-01-31,"310,658"
2007-01-30,"311,034"
2007-01-29,"312,500"
2007-01-26,"314,012"
2007-01-25,"311,803"
2007-01-24,"313,115"
2007-01-23,"314,724"
2007-01-22,"322,117"
2007-01-19,"323,757"
2007-01-18,"323,513"
2007-01-17,"324,966"
2007-01-16,"330,021"
2007-01-15,"330,015"
2007-01-12,"328,963"
2007-01-11,"328,936"
2007-01-10,"327,313"
2007-01-09,"327,713"
2007-01-08,"327,918"
2007-01-05,"329,158"
2007-01-04,"336,194"
2007-01-03,"335,226"
2007-01-02,"333,970"
